cm1,intensity
0.0,8.742316995055777e-05
1.0,8.808606568129315e-05
2.0,8.876501923639852e-05
3.0,8.946065232219667e-05
4.0,9.017361809553766e-05
5.0,9.090460311158538e-05
6.0,9.165432941430038e-05
7.0,9.242355678170851e-05
8.0,9.321308513920516e-05
9.0,9.40237571554378e-05
10.0,9.485646103674052e-05
11.0,9.571213353768199e-05
12.0,9.659176320705797e-05
13.0,9.749639389062386e-05
14.0,9.842712851405604e-05
15.0,9.93851331720753e-05
16.0,0.000100371641552396
17.0,0.00010138795972622137
18.0,0.00010243547134042079
19.0,0.00010351564325036595
20.0,0.00010463003163670243
21.0,0.00010578028865417789
22.0,0.00010696816966609412
23.0,0.00010819554112409856
24.0,0.00010946438915996422
25.0,0.00011077682896385426
26.0,0.00011213511503245517
27.0,0.00011354165238044008
28.0,0.0001149990088201813
29.0,0.00011650992842767363
30.0,0.0001180773463274993
31.0,0.00011970440494666132
32.0,0.00012139447190656582
33.0,0.00012315115974475516
34.0,0.0001249783476836562
35.0,0.00012688020569318805
36.0,0.00012886122112824768
37.0,0.00013092622826168667
38.0,0.00013308044107940227
39.0,0.0001353294897577928
40.0,0.00013767946130656568
41.0,0.00014013694493352624
42.0,0.0001427090827747572
43.0,0.00014540362673619292
44.0,0.0001482290023141494
45.0,0.00015119438040624752
46.0,0.0001543097582930502
47.0,0.00015758605116404043
48.0,0.00016103519576851427
49.0,0.0001646702679541466
50.0,0.00016850561590595138
51.0,0.00017255701055026595
52.0,0.00017684181326576353
53.0,0.00018137915778861978
54.0,0.00018619013763611779
55.0,0.00019129798801272965
56.0,0.00019672827678690526
57.0,0.00020250921220033193
58.0,0.00020867226352942303
59.0,0.00021525306427736267
60.0,0.0002222921201186617
61.0,0.00022983509838099108
62.0,0.00023793316705348697
63.0,0.0002466437552317034
64.0,0.00025603166220899976
65.0,0.00026617037704890944
66.0,0.000277143593253938
67.0,0.00028904697773380293
68.0,0.00030199027629455725
69.0,0.0003160998495424919
70.0,0.00033152175036025065
71.0,0.0003484254808367672
72.0,0.000367008604201152
73.0,0.0003875024383475848
74.0,0.0004101791260288908
75.0,0.0004353604688730634
76.0,0.0004634290368585347
77.0,0.0004948422343289859
78.0,0.0005301502359387947
79.0,0.0005700190267108863
80.0,0.0006152602264405244
81.0,0.0006668700029019774
82.0,0.0007260802567254651
83.0,0.0007944265019099807
84.0,0.0008738386222015511
85.0,0.0009667631624509636
86.0,0.0010763292792824323
87.0,0.001206575211568621
88.0,0.0013627582992365838
89.0,0.001551778774023665
90.0,0.0017827535822279202
91.0,0.002067774247163413
92.0,0.0024228522495999107
93.0,0.0028689448537139238
94.0,0.003432638652506096
95.0,0.004145273396362022
96.0,0.005037529455979974
97.0,0.006123407117107589
98.0,0.007365004676400392
99.0,0.008618153592318486
100.0,0.00960038921923731
101.0,0.009978803938803165
102.0,0.009597034759251043
103.0,0.008613282998326728
104.0,0.007360778189197331
105.0,0.006121197625522827
106.0,0.005037860487603565
107.0,0.004148176193881378
108.0,0.003437951480912441
109.0,0.002876467769728572
110.0,0.0024324070861922783
111.0,0.0020792201451657073
112.0,0.0017959856432457483
113.0,0.0015667218877895512
114.0,0.0013793606574806067
115.0,0.001224802876089723
116.0,0.0010961620041011991
117.0,0.0009881913018111614
118.0,0.0008968608842769507
119.0,0.0008190483323925397
120.0,0.0007523126828831279
121.0,0.0006947288125129645
122.0,0.0006447653909452586
123.0,0.0006011943039378692
124.0,0.000563022906539981
125.0,0.0005294429394323758
126.0,0.0004997916939285997
127.0,0.00047352224950552836
128.0,0.0004501804842175755
129.0,0.00042938718122635623
130.0,0.0004108239997871167
131.0,0.000394222399161953
132.0,0.00037935483577398636
133.0,0.00036602772303584175
134.0,0.0003540757675526756
135.0,0.0003433573873767836
136.0,0.00033375098655975566
137.0,0.0003251519117298107
138.0,0.0003174699553442351
139.0,0.00031062729989551083
140.0,0.00030455682005636184
141.0,0.00029920067726774407
142.0,0.00029450915488146636
143.0,0.0002904396926121256
144.0,0.0002869560874379014
145.0,0.0002840278347476891
146.0,0.00028162958886558724
147.0,0.000279740726400434
148.0,0.00027834499940526366
149.0,0.00027743026827460886
150.0,0.00027698830680352495
151.0,0.00027701467400009826
152.0,0.0002775086491819901
153.0,0.0002784732286825844
154.0,0.000279915184220445
155.0,0.0002818451847201612
156.0,0.0002842779851869014
157.0,0.0002872326882096471
158.0,0.0002907330858873728
159.0,0.00029480809254179435
160.0,0.00029949228162523414
161.0,0.00030482654390872645
162.0,0.0003108588885418092
163.0,0.0003176454141664046
164.0,0.00032525148427477705
165.0,0.0003337531498622509
166.0,0.0003432388737177951
167.0,0.0003538116251928247
168.0,0.0003655914330308131
169.0,0.00037871850823711044
170.0,0.0003933570809430498
171.0,0.0004097001374134962
172.0,0.0004279752994181103
173.0,0.00044845216322587385
174.0,0.00047145151663053415
175.0,0.0004973569897507035
176.0,0.0005266298831862151
177.0,0.0005598281758909606
178.0,0.00059763107415495
179.0,0.0006408709645272536
180.0,0.0006905753379683338
181.0,0.0007480222467562385
182.0,0.0008148142623903251
183.0,0.0008929778910772466
184.0,0.0009850981944353658
185.0,0.0010945022131176544
186.0,0.0012255099051575674
187.0,0.0013837775620945075
188.0,0.0015767648038883164
189.0,0.0018143578128363084
190.0,0.0021096654684708044
191.0,0.0024799371276924913
192.0,0.0029473459436647636
193.0,0.003538846357474492
194.0,0.004283073126445533
195.0,0.0051998467485112705
196.0,0.006274925525140123
197.0,0.007415346603563081
198.0,0.008406526085087592
199.0,0.00894664457205201
200.0,0.008821387656466626
201.0,0.008083743006070522
202.0,0.007006047186642961
203.0,0.005871496056748465
204.0,0.004848359946023115
205.0,0.003995053106461386
206.0,0.003309315191101178
207.0,0.0027661737383103692
208.0,0.0023369089078232484
209.0,0.0019961584082452922
210.0,0.0017235897241317016
211.0,0.0015035587205903093
212.0,0.0013242247362440544
213.0,0.0011766624649546381
214.0,0.0010541277948337196
215.0,0.0009514945122195446
216.0,0.0008648359137383893
217.0,0.000791118163310457
218.0,0.0007279763280318885
219.0,0.0006735504841457013
220.0,0.0006263651829764465
221.0,0.0005852402108540793
222.0,0.0005492240142392255
223.0,0.0005175436332120519
224.0,0.0004895667415066835
225.0,0.0004647726318255122
226.0,0.0004427298624833456
227.0,0.0004230789039714126
228.0,0.00040551856806393677
229.0,0.00038979532077434813
230.0,0.0003756948107585372
231.0,0.0003630351123759877
232.0,0.0003516613055142211
233.0,0.00034144110505854005
234.0,0.0003322613204407695
235.0,0.00032402497634415994
236.0,0.0003166489638938942
237.0,0.00031006212077679964
238.0,0.00030420366107009836
239.0,0.00029902189284288
240.0,0.0002944731750977543
241.0,0.0002905210762907678
242.0,0.00028713570521793835
243.0,0.00028429319203093057
244.0,0.0002819753029662028
245.0,0.00028016917738015986
246.0,0.0002788671801586996
247.0,0.0002780668667586273
248.0,0.00027777106226934827
249.0,0.00027798806018508327
250.0,0.00027873195129772863
251.0,0.00028002309854368765
252.0,0.0002818887801120869
253.0,0.00028436403108803737
254.0,0.00028749272393979833
255.0,0.00029132894103332016
256.0,0.00029593870911680676
257.0,0.00030140218779701653
258.0,0.00030781643341908316
259.0,0.00031529889924829176
260.0,0.00032399188636268007
261.0,0.0003340682327732031
262.0,0.00034573862895008483
263.0,0.0003592610875595166
264.0,0.00037495329020957477
265.0,0.0003932088079535972
266.0,0.00041451857895104954
267.0,0.0004394995737308095
268.0,0.00046893335157297466
269.0,0.000503818296128455
270.0,0.0005454408128458852
271.0,0.0005954727511586182
272.0,0.0006561047219003676
273.0,0.0007302273048069052
274.0,0.0008216725858886729
275.0,0.0009355218367225791
276.0,0.0010784577408083447
277.0,0.0012590575769166475
278.0,0.001487710601017111
279.0,0.0017753514056567314
280.0,0.0021292603920742424
281.0,0.002543081250120653
282.0,0.0029794532512769285
283.0,0.0033541086435109548
284.0,0.0035511590045596486
285.0,0.00349190255561324
286.0,0.003201408666115352
287.0,0.0027858784223910595
288.0,0.0023524491544379632
289.0,0.001963472360776108
290.0,0.0016399252478520431
291.0,0.0013803289413224318
292.0,0.0011749567961732905
293.0,0.0010128379438631232
294.0,0.0008843469927167188
295.0,0.0007817916355523919
296.0,0.000699265387736202
297.0,0.0006323065119676362
298.0,0.0005775605672252532
299.0,0.0005325031660424409
300.0,0.0004952282681168823
301.0,0.0004642918832739615
302.0,0.0004385986600667998
303.0,0.0004173205555784182
304.0,0.00039983935122317254
305.0,0.00038570714728199264
306.0,0.00037462089825613293
307.0,0.0003664085681547349
308.0,0.0003610256580132289
309.0,0.00035856167540277215
310.0,0.00035925632716466484
311.0,0.0003635239876952737
312.0,0.0003719801045424756
313.0,0.00038544934225586303
314.0,0.0004049012797964441
315.0,0.0004311878718804284
316.0,0.00046434548515110713
317.0,0.0005021943192351341
318.0,0.0005385075641396635
319.0,0.0005627723628731041
320.0,0.0005647783572252386
321.0,0.0005423725601342044
322.0,0.0005033826216134596
323.0,0.0004590143133540819
324.0,0.0004172999212312125
325.0,0.000381752725678116
326.0,0.0003529444218632556
327.0,0.0003301736838746872
328.0,0.00031241423653009386
329.0,0.00029870642742269325
330.0,0.0002882595653878055
331.0,0.0002804183771977906
332.0,0.00027455685375209714
333.0,0.0002699496459209231
334.0,0.0002657480494056115
335.0,0.0002612254660650768
336.0,0.00025615946203150447
337.0,0.00025086916994869685
338.0,0.0002458362046477759
339.0,0.0002413775624223402
340.0,0.0002375936439923205
341.0,0.00023445244211735402
342.0,0.00023187092115185433
343.0,0.0002297590546521557
344.0,0.00022803696560277733
345.0,0.00022663901124448044
346.0,0.00022551286523061565
347.0,0.0002246172036553477
348.0,0.00022391935669766
349.0,0.00022339333571687092
350.0,0.00022301828952983862
351.0,0.000222777331360196
352.0,0.0002226566565673346
353.0,0.00022264487947529007
354.0,0.0002227325326092876
355.0,0.0002229116857829973
356.0,0.00022317565380810102
357.0,0.00022351877010258662
358.0,0.0002239362096747952
359.0,0.0002244238494253433
360.0,0.00022497815691349817
361.0,0.0002255961010382379
362.0,0.00022627507974812963
363.0,0.00022701286110378326
364.0,0.00022780753490265516
365.0,0.00022865747273021928
366.0,0.000229561294788665
367.0,0.0002305178422200585
368.0,0.0002315261539178471
369.0,0.00023258544703198732
370.0,0.00023369510053563794
371.0,0.00023485464134749467
372.0,0.00023606373260238146
373.0,0.00023732216374026423
374.0,0.0002386298421453144
375.0,0.00023998678611570324
376.0,0.00024139311898420865
377.0,0.00024284906424160084
378.0,0.00024435494154072127
379.0,0.00024591116348044524
380.0,0.00024751823308627946
381.0,0.0002491767419189396
382.0,0.0002508873687544729
383.0,0.0002526508787898155
384.0,0.0002544681233364457
385.0,0.00025634003997235586
386.0,0.0002582676531291102
387.0,0.0002602520750965175
388.0,0.000262294507432563
389.0,0.00026439624277085867
390.0,0.0002665586670220956
391.0,0.00026878326196989947
392.0,0.0002710716082652007
393.0,0.00027342538882679036
394.0,0.0002758463926592098
395.0,0.0002783365191025775
396.0,0.00028089778253243404
397.0,0.0002835323175312564
398.0,0.0002862423845569789
399.0,0.00028903037613773415
400.0,0.0002918988236261327
401.0,0.0002948504045507922
402.0,0.00029788795060755875
403.0,0.00030101445633800265
404.0,0.0003042330885483902
405.0,0.0003075471965284914
406.0,0.0003109603231363889
407.0,0.00031447621682299695
408.0,0.0003180988446783884
409.0,0.00032183240659140885
410.0,0.0003256813506245918
411.0,0.00032965038971824733
412.0,0.0003337445198510512
413.0,0.00033796903979976453
414.0,0.0003423295726582451
415.0,0.00034683208929612897
416.0,0.0003514829339610077
417.0,0.00035628885225533213
418.0,0.0003612570217513945
419.0,0.0003663950855453647
420.0,0.00037171118909460916
421.0,0.0003772140207296555
422.0,0.0003829128562755633
423.0,0.000388817608234302
424.0,0.0003949388799087707
425.0,0.0004012880245390112
426.0,0.0004078772086307063
427.0,0.0004147194765415927
428.0,0.0004218288093663163
429.0,0.00042922016680275055
430.0,0.000436909507799345
431.0,0.0004449138343237717
432.0,0.00045325139060231216
433.0,0.0004619420985765141
434.0,0.00047100796773557864
435.0,0.00048047313352173824
436.0,0.0004903637027901041
437.0,0.0005007077863890622
438.0,0.0005115357570644207
439.0,0.0005228805927059724
440.0,0.0005347782311258368
441.0,0.000547267934312518
442.0,0.0005603926803385782
443.0,0.0005741995998692794
444.0,0.0005887404707441844
445.0,0.0006040722827324315
446.0,0.0006202578850699589
447.0,0.0006373667311004621
448.0,0.0006554757369005167
449.0,0.0006746702740782894
450.0,0.0006950453210557831
451.0,0.0007167068022335578
452.0,0.0007397731507277885
453.0,0.0007643771381747745
454.0,0.0007906680248260487
455.0,0.0008188140953400562
456.0,0.0008490056610093132
457.0,0.0008814586285581785
458.0,0.0009164187603122976
459.0,0.0009541667820791076
460.0,0.000995024535632331
461.0,0.0010393624251443466
462.0,0.0010876084751608214
463.0,0.0011402594070790235
464.0,0.0011978942588684528
465.0,0.001261191229032179
466.0,0.0013309486345536204
467.0,0.0014081111534083339
468.0,0.001493802902761048
469.0,0.0015893694233692181
470.0,0.0016964313548014647
471.0,0.0018169535748270992
472.0,0.001953334954682014
473.0,0.0021085258152055133
474.0,0.0022861828941992852
475.0,0.002490875489685493
476.0,0.002728361895858324
477.0,0.0030059629235105628
478.0,0.0033330699540423973
479.0,0.00372183933373627
480.0,0.0041881430334179265
481.0,0.004752864992847456
482.0,0.005443643810532511
483.0,0.006297136262353561
484.0,0.007361733565450483
485.0,0.008700204082324064
486.0,0.010390495633330712
487.0,0.01251994507937002
488.0,0.015161969854697177
489.0,0.018315129153833962
490.0,0.021783807419380102
491.0,0.025030736828236866
492.0,0.02718159088265175
493.0,0.02743734923155414
494.0,0.025698875404896154
495.0,0.02265692543200449
496.0,0.01922112827645129
497.0,0.016015607059119755
498.0,0.013300655543070961
499.0,0.01110865586183283
500.0,0.00937597495627604
501.0,0.008015640552004053
502.0,0.006946969873194031
503.0,0.00610402285805374
504.0,0.005435703377025655
505.0,0.004903309336118169
506.0,0.004477766083850519
507.0,0.004137253700386799
508.0,0.003865360364532762
509.0,0.003649704894633233
510.0,0.0034809291333867103
511.0,0.003351967505504276
512.0,0.0032575201588232383
513.0,0.003193675116019125
514.0,0.003157640424316828
515.0,0.003147559166828168
516.0,0.003162389092054403
517.0,0.003201835373750802
518.0,0.0032663303903029827
519.0,0.0033570590436212697
520.0,0.0034760325422457817
521.0,0.0036262181523132016
522.0,0.0038117373507938752
523.0,0.004038149693330888
524.0,0.004312842544246649
525.0,0.004645541445816073
526.0,0.0050489256475222824
527.0,0.0055392364098481054
528.0,0.0061365059593464265
529.0,0.006863421595999833
530.0,0.007740622542110694
531.0,0.008774635313052554
532.0,0.009935551713048064
533.0,0.011133805840786902
534.0,0.012234056756585036
535.0,0.013144634650332906
536.0,0.013922042146672859
537.0,0.014761529466378093
538.0,0.01589215108283021
539.0,0.017508286267248208
540.0,0.019774147027458673
541.0,0.02285420180518092
542.0,0.026929911984165292
543.0,0.03217939287699934
544.0,0.03868702574085438
545.0,0.046233037343139376
546.0,0.053957828123874965
547.0,0.06013853407642194
548.0,0.06267682592490328
549.0,0.06048897672068327
550.0,0.054451868681288214
551.0,0.04662170839262178
552.0,0.03879908109043751
553.0,0.03192640212228137
554.0,0.026265075159262297
555.0,0.02173724600029899
556.0,0.018152992029312427
557.0,0.015315218070350788
558.0,0.013055747704501049
559.0,0.011241665751549189
560.0,0.009771296606847741
561.0,0.00856781102831059
562.0,0.0075732644335887115
563.0,0.006743796111838303
564.0,0.006045986814959526
565.0,0.005454166110659246
566.0,0.004948441786612833
567.0,0.004513260129001213
568.0,0.004136350959617103
569.0,0.0038079502946997547
570.0,0.0035202235304384096
571.0,0.003266834078935073
572.0,0.0030426181433010303
573.0,0.0028433374940156795
574.0,0.002665490005469379
575.0,0.002506163300451088
576.0,0.0023629208213791233
577.0,0.0022337124841161644
578.0,0.0021168041100942748
579.0,0.0020107213093690864
580.0,0.001914204564209801
581.0,0.0018261730539282759
582.0,0.001745695346974639
583.0,0.001671965522510267
584.0,0.0016042836109978185
585.0,0.0015420394906714694
586.0,0.00148469956486758
587.0,0.0014317956892038216
588.0,0.0013829159285252376
589.0,0.0013376968095043834
590.0,0.0012958168017979754
591.0,0.001256990813202061
592.0,0.0012209655256687193
593.0,0.0011875154318828297
594.0,0.001156439458270143
595.0,0.0011275580812862053
596.0,0.001100710860748093
597.0,0.0010757543276901868
598.0,0.0010525601754315715
599.0,0.00103101371177
600.0,0.001011012537889854
601.0,0.0009924654260296507
602.0,0.0009752913734773516
603.0,0.000959418815282598
604.0,0.0009447849823967925
605.0,0.000931335395958113
606.0,0.0009190234923052569
607.0,0.0009078103772105483
608.0,0.0008976647119662052
609.0,0.000888562738564433
610.0,0.0008804884565602933
611.0,0.0008734339706490353
612.0,0.0008674000359893754
613.0,0.0008623968384810196
614.0,0.000858445060403401
615.0,0.0008555772992096408
616.0,0.0008538399304728701
617.0,0.000853295537292539
618.0,0.0008540260711357313
619.0,0.0008561369677500577
620.0,0.0008597625230890062
621.0,0.0008650729476960928
622.0,0.0008722836774378672
623.0,0.0008816677434997436
624.0,0.0008935723228792569
625.0,0.0009084410402607986
626.0,0.000926844222376971
627.0,0.0009495201725091711
628.0,0.0009774316760451627
629.0,0.0010118433237478377
630.0,0.0010544265252919983
631.0,0.001107399173225106
632.0,0.0011737026309198769
633.0,0.001257201720364691
634.0,0.0013628432222505043
635.0,0.0014965791329015438
636.0,0.0016645660213481864
637.0,0.0018705990224280183
638.0,0.0021101399332762102
639.0,0.0023602372430178093
640.0,0.002571127655670291
641.0,0.0026770844040762054
642.0,0.0026371130797307064
643.0,0.002470121346640786
644.0,0.002237937761678859
645.0,0.001999821836678651
646.0,0.0017890360256641257
647.0,0.001616143098893266
648.0,0.0014797528118655546
649.0,0.0013742359180953598
650.0,0.0012934398356984206
651.0,0.0012320304520175047
652.0,0.0011857752459645242
653.0,0.0011514445443463613
654.0,0.0011266163665283075
655.0,0.0011094876541001017
656.0,0.0010987204710798417
657.0,0.0010933250247042111
658.0,0.0010925734632823223
659.0,0.0010959373260920192
660.0,0.001103042542772238
661.0,0.0011136372954347158
662.0,0.001127569319717408
663.0,0.0011447702113445268
664.0,0.001165245042763922
665.0,0.0011890661352875723
666.0,0.0012163702305566747
667.0,0.001247358605950482
668.0,0.0012822999164416793
669.0,0.0013215357471586012
670.0,0.0013654890481510568
671.0,0.0014146758145303553
672.0,0.0014697205899090828
673.0,0.0015313766295455286
674.0,0.001600551887021477
675.0,0.0016783424176420698
676.0,0.0017660753680790564
677.0,0.0018653645081306912
678.0,0.001978182346384342
679.0,0.0021069543851618246
680.0,0.00225468319505012
681.0,0.002425112987628882
682.0,0.0026229496055683145
683.0,0.002854156836119788
684.0,0.003126358334221424
685.0,0.0034493859320262016
686.0,0.0038360301816892295
687.0,0.004303066859602534
688.0,0.00487264910668881
689.0,0.005574152997870113
690.0,0.006446499576019047
691.0,0.007540731287755598
692.0,0.008921909123866437
693.0,0.01066758318870532
694.0,0.012856009406473112
695.0,0.015529852781532573
696.0,0.018613961228493556
697.0,0.02178213611620088
698.0,0.024360969657703808
699.0,0.025506990792525247
700.0,0.02475476524589486
701.0,0.02242210285454755
702.0,0.019326595344746254
703.0,0.016204987155602615
704.0,0.013451916865275105
705.0,0.011182300964102629
706.0,0.00936915461560659
707.0,0.007937436735838094
708.0,0.006807978718621798
709.0,0.0059128502071573
710.0,0.00519824994511463
711.0,0.004622998627310729
712.0,0.004155988650067855
713.0,0.0037737779309126736
714.0,0.0034586440350791777
715.0,0.003197105280090429
716.0,0.0029788268469046753
717.0,0.0027958202819780877
718.0,0.0026418589369739424
719.0,0.002512049981762376
720.0,0.0024025194122144684
721.0,0.0023101786844155854
722.0,0.0022325505717560334
723.0,0.0021676382661622463
724.0,0.002113826301715618
725.0,0.0020698051024960994
726.0,0.002034513241579987
727.0,0.0020070931267157704
728.0,0.0019868569985790024
729.0,0.0019732609784425684
730.0,0.0019658855310667528
731.0,0.0019644211849144813
732.0,0.001968658725901062
733.0,0.0019784833911567754
734.0,0.0019938728669851784
735.0,0.002014899168533134
736.0,0.0020417347763044616
737.0,0.0020746637590877168
738.0,0.002114099063953156
739.0,0.002160607751629831
740.0,0.0022149467598358346
741.0,0.002278112848758199
742.0,0.0023514117468069933
743.0,0.002436553050609167
744.0,0.0025357785771841545
745.0,0.0026520308405592703
746.0,0.0027891602229231055
747.0,0.0029521416696390275
748.0,0.0031471943887823417
749.0,0.0033815069954229926
750.0,0.003661859208541895
751.0,0.003990752444382802
752.0,0.004358298162189416
753.0,0.00473073828612337
754.0,0.005046450473468473
755.0,0.005240107633439458
756.0,0.005291348615180175
757.0,0.005244557855389893
758.0,0.005172338883966398
759.0,0.005131416751626284
760.0,0.005150250966666531
761.0,0.005237878847205799
762.0,0.0053949380372732055
763.0,0.00562037048217982
764.0,0.00591448569819141
765.0,0.006280166066722448
766.0,0.006723374099326235
767.0,0.007253532128105274
768.0,0.007884036526818955
769.0,0.008633046369623263
770.0,0.009524658733283077
771.0,0.010590601977315147
772.0,0.011872623884635164
773.0,0.013425813075483203
774.0,0.015323153724253873
775.0,0.017661629891691025
776.0,0.020570038012312514
777.0,0.024217994493135924
778.0,0.028823599925139175
779.0,0.034651931429926223
780.0,0.041984276119887615
781.0,0.05101432735990994
782.0,0.06159887410627251
783.0,0.07281780719599425
784.0,0.08255413653720199
785.0,0.08783939100704519
786.0,0.08657827443392377
787.0,0.07930854625298381
788.0,0.06871445729047315
789.0,0.057575561032394466
790.0,0.047538716433039835
791.0,0.03917320861440425
792.0,0.03245459816837038
793.0,0.027136769283903964
794.0,0.02293744797432741
795.0,0.019607579931205495
796.0,0.016947579185383956
797.0,0.014803910387115603
798.0,0.01306037879216727
799.0,0.011629405520526543
800.0,0.010444820045094767
801.0,0.009456331695223247
802.0,0.008625423890791874
803.0,0.007922345119076279
804.0,0.0073239112542628215
805.0,0.006811897321034953
806.0,0.0063718547300523455
807.0,0.00599223559564955
808.0,0.005663739474072235
809.0,0.005378822114315978
810.0,0.005131323032403653
811.0,0.004916180891121001
812.0,0.004729214274811635
813.0,0.004566951556938331
814.0,0.004426497914964433
815.0,0.004305430674189191
816.0,0.004201716422003927
817.0,0.004113644978908277
818.0,0.00403977651870759
819.0,0.003978899021219267
820.0,0.003929993903789333
821.0,0.0038922081749209097
822.0,0.0038648318286454335
823.0,0.003847279483820043
824.0,0.0038390754914351573
825.0,0.0038398419021532463
826.0,0.0038492888180976254
827.0,0.0038672067565815142
828.0,0.0038934607359006794
829.0,0.003927985859706723
830.0,0.0039707842307999865
831.0,0.004021923070500639
832.0,0.004081533958491021
833.0,0.004149813142119468
834.0,0.004227022895234967
835.0,0.004313493936083033
836.0,0.004409628942907677
837.0,0.004515907235893091
838.0,0.0046328907261836425
839.0,0.004761231268278504
840.0,0.004901679592615553
841.0,0.005055096042407408
842.0,0.005222463394909993
843.0,0.005404902114935533
844.0,0.005603688470892037
845.0,0.005820276045175141
846.0,0.006056321296802929
847.0,0.00631371399183989
848.0,0.006594613515645755
849.0,0.006901492332479601
850.0,0.007237188178620975
851.0,0.007604966986462179
852.0,0.008008599067884694
853.0,0.008452451774733099
854.0,0.008941602755516802
855.0,0.00948197911345437
856.0,0.010080529342111403
857.0,0.01074543701071362
858.0,0.011486387986824798
859.0,0.012314906793963224
860.0,0.013244782894492765
861.0,0.014292614816901689
862.0,0.015478509902294466
863.0,0.016826991162504575
864.0,0.018368181954972515
865.0,0.020139366244001238
866.0,0.02218706052442566
867.0,0.02456978773945619
868.0,0.027361819565509083
869.0,0.030658257562713332
870.0,0.03458196270343181
871.0,0.039293018500658375
872.0,0.04500159704201235
873.0,0.051985181721094585
874.0,0.06061077686132742
875.0,0.07136117627617553
876.0,0.08485950896218417
877.0,0.10187342532286829
878.0,0.12325026666595526
879.0,0.14967612734466323
880.0,0.1810795046739407
881.0,0.21555929043013927
882.0,0.24831539448236656
883.0,0.2722968882586951
884.0,0.2819013508184694
885.0,0.2765422331145028
886.0,0.25938157041982596
887.0,0.23396174284947507
888.0,0.2037004732778096
889.0,0.17245698487768638
890.0,0.14357110266994014
891.0,0.11882058207429112
892.0,0.09853367011233233
893.0,0.08225352918223455
894.0,0.06927337826505375
895.0,0.05890434371625324
896.0,0.050568030859331155
897.0,0.04380852683672849
898.0,0.038276084069438825
899.0,0.03370495296459808
900.0,0.02989329302268114
901.0,0.026687120198619223
902.0,0.023968134703549894
903.0,0.021644697867409815
904.0,0.019645198087379013
905.0,0.01791317610633283
906.0,0.01640372998923638
907.0,0.01508084792762671
908.0,0.013915414984745439
909.0,0.0128837116769388
910.0,0.01196627377837397
911.0,0.01114701935086061
912.0,0.010412574986562203
913.0,0.009751751731263898
914.0,0.00915513435530824
915.0,0.008614757121697432
916.0,0.008123846057954775
917.0,0.007676612731964561
918.0,0.007268088194985819
919.0,0.0068939884615721436
920.0,0.0065506049104579
921.0,0.00623471450030126
922.0,0.0059435058337253465
923.0,0.005674517968986262
924.0,0.005425589540842502
925.0,0.005194816261896004
926.0,0.004980515270350893
927.0,0.00478119509754158
928.0,0.0045955302693674845
929.0,0.004422339745401045
930.0,0.0042605685495589974
931.0,0.004109272065673222
932.0,0.003967602566796845
933.0,0.003834797623790433
934.0,0.0037101701006271616
935.0,0.0035930994940120507
936.0,0.0034830244157249136
937.0,0.0033794360494439173
938.0,0.0032818724411587735
939.0,0.0031899135048028206
940.0,0.003103176643343014
941.0,0.0030213129010005293
942.0,0.002944003575119243
943.0,0.002870957226926175
944.0,0.002801907039417248
945.0,0.0027366084781610144
946.0,0.0026748372171927666
947.0,0.0026163872975756993
948.0,0.002561069490802709
949.0,0.002508709843140118
950.0,0.0024591483803883215
951.0,0.0024122379554508432
952.0,0.0023678432236440908
953.0,0.0023258397329161307
954.0,0.0022861131181361677
955.0,0.002248558390423553
956.0,0.0022130793141590015
957.0,0.0021795878659140702
958.0,0.002148003771101973
959.0,0.0021182541157537325
960.0,0.002090273032528272
961.0,0.0020640014619578277
962.0,0.0020393869921187203
963.0,0.0020163837825415403
964.0,0.0019949525814212145
965.0,0.0019750608493098306
966.0,0.001956683007823438
967.0,0.0019398008389560329
968.0,0.0019244040700561761
969.0,0.0019104911923579957
970.0,0.0018980705785589295
971.0,0.0018871619892951695
972.0,0.001877798592348145
973.0,0.0018700296661361988
974.0,0.0018639242263746056
975.0,0.0018595759099656202
976.0,0.0018571095844050914
977.0,0.0018566903384531052
978.0,0.0018585357657057559
979.0,0.00186293278520152
980.0,0.0018702606290666123
981.0,0.0018810219448766984
982.0,0.0018958838159674563
983.0,0.0019157287952944809
984.0,0.001941709932931321
985.0,0.0019752863929066375
986.0,0.002018172634605484
987.0,0.002072038023569716
988.0,0.0021376263892422358
989.0,0.002212836219175924
990.0,0.002289799406378124
991.0,0.0023532751234526224
992.0,0.002385611292682043
993.0,0.002378983105472061
994.0,0.002342396381386173
995.0,0.0022938546728789207
996.0,0.0022483460894032257
997.0,0.0022134584544317424
998.0,0.002191217755952701
999.0,0.0021809803358508986
1000.0,0.0021812762589043643
1001.0,0.0021906409247111117
1002.0,0.0022078946432058364
1003.0,0.002232188270692696
1004.0,0.0022629696426292303
1005.0,0.002299933830864839
1006.0,0.0023429790757565766
1007.0,0.0023921739832753297
1008.0,0.0024477359511023756
1009.0,0.0025100193075372544
1010.0,0.0025795116389834443
1011.0,0.002656837219595871
1012.0,0.0027427669811614895
1013.0,0.0028382349707365318
1014.0,0.0029443617303345888
1015.0,0.003062485520545752
1016.0,0.0031942028308308396
1017.0,0.003341420217005496
1018.0,0.0035064202857860976
1019.0,0.0036919459293586676
1020.0,0.003901309352245989
1021.0,0.004138535965010528
1022.0,0.004408554655276255
1023.0,0.004717443834699016
1024.0,0.005072748044886517
1025.0,0.005483897196003402
1026.0,0.005962773885811487
1027.0,0.006524483938417221
1028.0,0.007188404792160026
1029.0,0.007979617320234538
1030.0,0.008930865421504607
1031.0,0.010085229057656407
1032.0,0.011499722013055245
1033.0,0.013249978149730108
1034.0,0.015435912516552892
1035.0,0.018187339027433844
1036.0,0.02166605934484427
1037.0,0.026054959194549178
1038.0,0.03151214684654878
1039.0,0.03804899352700815
1040.0,0.045286948669906554
1041.0,0.052145025748351566
1042.0,0.056814759599171295
1043.0,0.057572383680302194
1044.0,0.054103520562228335
1045.0,0.04778785026618207
1046.0,0.040544548101939346
1047.0,0.03372940254866496
1048.0,0.02792585671195346
1049.0,0.023220386840562622
1050.0,0.019485445715163967
1051.0,0.016538682036952378
1052.0,0.01420889385053442
1053.0,0.012355398777729516
1054.0,0.010868811956696943
1055.0,0.009666029805501342
1056.0,0.008684392817180423
1057.0,0.007876631911522275
1058.0,0.00720691550297845
1059.0,0.006647888635311087
1060.0,0.006178496022604987
1061.0,0.005782391458598893
1062.0,0.00544677523931138
1063.0,0.005161540965568931
1064.0,0.00491864553856483
1065.0,0.00471164057231176
1066.0,0.004535321137780655
1067.0,0.004385460355031199
1068.0,0.004258607264922473
1069.0,0.004151931713525879
1070.0,0.004063104447856645
1071.0,0.003990203800786418
1072.0,0.00393164262006054
1073.0,0.003886110738325848
1074.0,0.003852529473747614
1075.0,0.00383001552371614
1076.0,0.0038178522580791215
1077.0,0.003815466897234613
1078.0,0.0038224124196303212
1079.0,0.003838353315127415
1080.0,0.003863054508614411
1081.0,0.003896372939124568
1082.0,0.003938251405927216
1083.0,0.003988714393833199
1084.0,0.004047865672205598
1085.0,0.004115887531216227
1086.0,0.00419304157892705
1087.0,0.00427967107722831
1088.0,0.004376204846467603
1089.0,0.004483162820429041
1090.0,0.004601163387771705
1091.0,0.004730932715829756
1092.0,0.0048733163208341665
1093.0,0.0050292932286764
1094.0,0.005199993166609518
1095.0,0.005386717344179597
1096.0,0.005590963528129392
1097.0,0.005814456300031136
1098.0,0.00605918361885821
1099.0,0.006327441109383529
1100.0,0.0066218858823705795
1101.0,0.006945602192623347
1102.0,0.007302181895059312
1103.0,0.007695823520520166
1104.0,0.00813145493587082
1105.0,0.008614886079747726
1106.0,0.009153000319904092
1107.0,0.009753995763167543
1108.0,0.010427691652093679
1109.0,0.011185920213565775
1110.0,0.01204303157147131
1111.0,0.013016549442624937
1112.0,0.01412802951625892
1113.0,0.015404192411100666
1114.0,0.016878431372741892
1115.0,0.01859283482421974
1116.0,0.020600920002743772
1117.0,0.022971351510914596
1118.0,0.025793022252702906
1119.0,0.029182002581977406
1120.0,0.033290994604426236
1121.0,0.03832198073813097
1122.0,0.044542487961400104
1123.0,0.05230465912598659
1124.0,0.06206253145948796
1125.0,0.07437290411622592
1126.0,0.08984170465692849
1127.0,0.10893155262821996
1128.0,0.13148675308626626
1129.0,0.155869262164961
1130.0,0.17806388273533474
1131.0,0.19215843392231616
1132.0,0.1935238778792433
1133.0,0.1823561362882586
1134.0,0.16311217160838754
1135.0,0.14091623958318364
1136.0,0.11937102860406851
1137.0,0.10040414606422833
1138.0,0.08470769583905059
1139.0,0.0722151052215724
1140.0,0.06251507269044349
1141.0,0.05512160142198473
1142.0,0.04960198890830179
1143.0,0.04561775100567544
1144.0,0.04292689435616204
1145.0,0.041374350789675766
1146.0,0.040882292542804365
1147.0,0.04144459126896455
1148.0,0.043126479481160086
1149.0,0.0460687340569996
1150.0,0.05049327407079252
1151.0,0.05670124718626732
1152.0,0.06504083397429172
1153.0,0.07579369824462717
1154.0,0.08888856552640581
1155.0,0.10335568684589112
1156.0,0.1166883747820935
1157.0,0.12496180042058458
1158.0,0.12478703030891694
1159.0,0.1160047898588658
1160.0,0.10182189798418735
1161.0,0.08619794086110681
1162.0,0.0717505326511765
1163.0,0.059523838274681475
1164.0,0.04960855134272333
1165.0,0.041705157513972815
1166.0,0.03542633575792853
1167.0,0.030417688317215214
1168.0,0.02639076829196773
1169.0,0.023122040661982254
1170.0,0.02044171913526113
1171.0,0.018221595254906412
1172.0,0.01636470068543012
1173.0,0.014797282417284134
1174.0,0.013462810233278116
1175.0,0.012317574306028697
1176.0,0.011327467210514919
1177.0,0.010465629075204763
1178.0,0.009710716466589112
1179.0,0.009045621478004947
1180.0,0.008456516730841227
1181.0,0.007932137572800773
1182.0,0.007463238069087376
1183.0,0.007042175285688728
1184.0,0.006662589023219158
1185.0,0.006319153137386338
1186.0,0.006007380980283966
1187.0,0.005723472084819022
1188.0,0.0054641905278680295
1189.0,0.005226767818792408
1190.0,0.005008824929024233
1191.0,0.004808309388458838
1192.0,0.004623444354811861
1193.0,0.004452687305203118
1194.0,0.0042946965708428615
1195.0,0.0041483043811577905
1196.0,0.004012495428299215
1197.0,0.0038863902027904368
1198.0,0.0037692324230899203
1199.0,0.003660379587787932
1200.0,0.0035592945126677513
1201.0,0.003465532534649054
1202.0,0.0033787117597939534
1203.0,0.0032984402782269473
1204.0,0.0032241609867075176
1205.0,0.003154903098773942
1206.0,0.0030890967928754263
1207.0,0.003024880550573193
1208.0,0.002961094105784466
1209.0,0.0028980348611759143
1210.0,0.0028369574881569825
1211.0,0.002779005156212645
1212.0,0.002724715011031112
1213.0,0.0026741241487568445
1214.0,0.002627020804981353
1215.0,0.002583116703952764
1216.0,0.002542127560614868
1217.0,0.002503800723629255
1218.0,0.0024679197054471337
1219.0,0.0024343005941347778
1220.0,0.0024027865860606515
1221.0,0.0023732428478173647
1222.0,0.002345552293751609
1223.0,0.002319612288221228
1224.0,0.0022953321161450846
1225.0,0.0022726310472901967
1226.0,0.0022514368461714687
1227.0,0.0022316846133138887
1228.0,0.0022133158732840544
1229.0,0.002196277847928367
1230.0,0.002180522870250339
1231.0,0.0021660079066179987
1232.0,0.0021526941637577015
1233.0,0.002140546763253755
1234.0,0.0021295344707671546
1235.0,0.0021196294704357577
1236.0,0.0021108071772911836
1237.0,0.0021030460822821463
1238.0,0.0020963276258102064
1239.0,0.0020906360966880043
1240.0,0.0020859585542112743
1241.0,0.002082284771657671
1242.0,0.002079607200033298
1243.0,0.0020779209513153794
1244.0,0.002077223800811536
1245.0,0.002077516208591616
1246.0,0.0020788013602620844
1247.0,0.00208108522765772
1248.0,0.002084376650331475
1249.0,0.00208868743904037
1250.0,0.002094032502762387
1251.0,0.002100430001145789
1252.0,0.0021079015246980278
1253.0,0.0021164723054771105
1254.0,0.002126171461566359
1255.0,0.002137032279208033
1256.0,0.0021490925371589874
1257.0,0.0021623948786323
1258.0,0.0021769872371265376
1259.0,0.0021929233235479023
1260.0,0.002210263183335161
1261.0,0.002229073833846133
1262.0,0.002249429994110667
1263.0,0.002271414921263922
1264.0,0.002295121370626751
1265.0,0.0023206526995983986
1266.0,0.002348124139397268
1267.0,0.0023776642633874406
1268.0,0.002409416686463085
1269.0,0.0024435420369845365
1270.0,0.002480220251393187
1271.0,0.002519653252292632
1272.0,0.002562068084004345
1273.0,0.0026077205960772796
1274.0,0.0026568997858477583
1275.0,0.0027099329370783914
1276.0,0.0027671917244878157
1277.0,0.0028290994956444186
1278.0,0.002896139994929167
1279.0,0.0029688678626734605
1280.0,0.0030479213309848718
1281.0,0.0031340376527323522
1282.0,0.0032280719505880105
1283.0,0.00333102037113774
1284.0,0.0034440486917490984
1285.0,0.0035685278785680566
1286.0,0.0037060785655093392
1287.0,0.0038586270626046943
1288.0,0.004028476373048284
1289.0,0.004218396895039603
1290.0,0.00443174314070832
1291.0,0.004672605112040347
1292.0,0.004946006209027415
1293.0,0.005258164104462127
1294.0,0.005616837466189592
1295.0,0.006031790526119621
1296.0,0.006515420335390125
1297.0,0.007083609390235806
1298.0,0.007756890401990265
1299.0,0.008562040520193213
1300.0,0.0095342555736519
1301.0,0.010720075430357617
1302.0,0.012181192255348904
1303.0,0.013999046124646324
1304.0,0.01627937276794224
1305.0,0.01915385329831195
1306.0,0.022771138441870616
1307.0,0.02725933908231721
1308.0,0.03262653383745471
1309.0,0.038562951901638685
1310.0,0.044188325774986395
1311.0,0.04803612110831072
1312.0,0.04871821003700973
1313.0,0.04599589866308874
1314.0,0.04099790439686623
1315.0,0.03527961897600958
1316.0,0.029936079121072615
1317.0,0.02543898593206105
1318.0,0.02186131135578577
1319.0,0.019105939030235327
1320.0,0.01703416967769226
1321.0,0.01551928612706767
1322.0,0.014462941306782376
1323.0,0.013796971666145238
1324.0,0.013481004146558572
1325.0,0.013499896510887557
1326.0,0.013862174087869907
1327.0,0.014599066616850533
1328.0,0.015762019943341105
1329.0,0.017413230366758528
1330.0,0.019597366743505252
1331.0,0.022274455694802953
1332.0,0.02519918544016459
1333.0,0.02779698843496049
1334.0,0.029235589140947767
1335.0,0.02888399788632325
1336.0,0.026830724577463588
1337.0,0.023800196607606447
1338.0,0.020584562502145923
1339.0,0.017669593655396058
1340.0,0.015231023555704933
1341.0,0.013268617303182812
1342.0,0.011714475049651243
1343.0,0.010488293819671464
1344.0,0.009518475450855764
1345.0,0.008747345401073284
1346.0,0.008130397070904257
1347.0,0.007633872355130672
1348.0,0.0072322801126211336
1349.0,0.0069063289716578815
1350.0,0.0066413354177623975
1351.0,0.006426038972398843
1352.0,0.006251732675419579
1353.0,0.006111627396165844
1354.0,0.006000386267789959
1355.0,0.0059137820392337085
1356.0,0.005848443211491563
1357.0,0.005801664528568819
1358.0,0.005771264383294792
1359.0,0.005755476665087915
1360.0,0.005752868089573368
1361.0,0.005762274535109991
1362.0,0.005782751675284656
1363.0,0.005813536455033496
1364.0,0.0058540168617177155
1365.0,0.005903708095848323
1366.0,0.005962233722044497
1367.0,0.006029310730082325
1368.0,0.006104737694232056
1369.0,0.006188385411683482
1370.0,0.006280189545613911
1371.0,0.006380144908161979
1372.0,0.006488301102453378
1373.0,0.00660475930757477
1374.0,0.006729670040905256
1375.0,0.006863231772101878
1376.0,0.0070056902949845795
1377.0,0.007157338789597904
1378.0,0.007318518528380081
1379.0,0.007489620198833485
1380.0,0.00767108583129948
1381.0,0.007863411335150366
1382.0,0.008067149660548924
1383.0,0.008282914616434964
1384.0,0.008511385389068466
1385.0,0.008753311819757224
1386.0,0.009009520515788814
1387.0,0.00928092188556178
1388.0,0.009568518208002521
1389.0,0.00987341286816659
1390.0,0.010196820916155836
1391.0,0.010540081135964866
1392.0,0.01090466984559632
1393.0,0.011292216690964599
1394.0,0.011704522745222856
1395.0,0.012143581284029033
1396.0,0.012611601678186632
1397.0,0.013111036930894696
1398.0,0.013644615491084528
1399.0,0.014215378101507607
1400.0,0.014826720596072221
1401.0,0.015482443752672673
1402.0,0.016186811544713086
1403.0,0.01694461942866272
1404.0,0.01776127467175856
1405.0,0.01864289118349679
1406.0,0.019596401893094476
1407.0,0.020629692447167246
1408.0,0.021751760933058997
1409.0,0.022972909524185365
1410.0,0.02430497547545902
1411.0,0.02576161087839972
1412.0,0.02735862316455557
1413.0,0.02911439172363282
1414.0,0.03105038045537969
1415.0,0.03319177198322054
1416.0,0.03556825715331976
1417.0,0.0382150240677933
1418.0,0.04117400530170108
1419.0,0.04449546161423636
1420.0,0.04824000750141037
1421.0,0.05248122138254702
1422.0,0.05730903542404862
1423.0,0.06283417324973721
1424.0,0.0691940070559794
1425.0,0.07656035170547051
1426.0,0.08514991995855067
1427.0,0.0952384537191056
1428.0,0.10717994955669737
1429.0,0.12143293934998299
1430.0,0.1385964692170555
1431.0,0.15945914709053702
1432.0,0.18506502525023472
1433.0,0.21679901599822002
1434.0,0.25648894800959393
1435.0,0.30650355896776693
1436.0,0.36977771693477673
1437.0,0.4495811453244375
1438.0,0.5486108674431465
1439.0,0.6666433791679439
1440.0,0.7959916154799513
1441.0,0.9160348788712269
1442.0,0.9938042201210059
1443.0,1.0
1444.0,0.9321387248610117
1445.0,0.816821762764847
1446.0,0.6879319227269424
1447.0,0.5682819174933104
1448.0,0.46714724972557065
1449.0,0.3854147783264871
1450.0,0.32044241254589806
1451.0,0.2687895394548939
1452.0,0.22742068164154314
1453.0,0.19402880348098347
1454.0,0.1669107565841894
1455.0,0.14476165314832526
1456.0,0.1265519111138819
1457.0,0.11146805135128386
1458.0,0.09887312279726251
1459.0,0.08827160857249033
1460.0,0.07927840605945573
1461.0,0.07159322721598539
1462.0,0.06498052106334516
1463.0,0.059254163075777785
1464.0,0.054265924542998216
1465.0,0.049896816056337535
1466.0,0.04605057473827841
1467.0,0.04264873947339532
1468.0,0.039626902360186074
1469.0,0.03693183456921498
1470.0,0.034519265944609016
1471.0,0.032352156677670746
1472.0,0.030399342049380936
1473.0,0.028634462114445876
1474.0,0.027035110622044743
1475.0,0.025582153838562
1476.0,0.024259181964064503
1477.0,0.02305206472945325
1478.0,0.021948589386270496
1479.0,0.02093816427002733
1480.0,0.020011574870550476
1481.0,0.019160782196308453
1482.0,0.018378755403959574
1483.0,0.01765933234740135
1484.0,0.01699710300583619
1485.0,0.016387311769158527
1486.0,0.01582577535938683
1487.0,0.015308813799987974
1488.0,0.014833192349375348
1489.0,0.014396072720007038
1490.0,0.013994972232959218
1491.0,0.013627729827140077
1492.0,0.013292478066237404
1493.0,0.012987620476099455
1494.0,0.012711813709582603
1495.0,0.01246395418262164
1496.0,0.012243168961162162
1497.0,0.012048810809965728
1498.0,0.011880457447453911
1499.0,0.011737915192396788
1500.0,0.011621227345965669
1501.0,0.011530687835529373
1502.0,0.011466860865884877
1503.0,0.011430607593920328
1504.0,0.011423121183160802
1505.0,0.011445972030902743
1506.0,0.011501165527543634
1507.0,0.011591215453095922
1508.0,0.011719237106029772
1509.0,0.011889065587146634
1510.0,0.012105406456543708
1511.0,0.012374028429704016
1512.0,0.01270201114283711
1513.0,0.013098065675305736
1514.0,0.013572952010869905
1515.0,0.014140026729897573
1516.0,0.014815967070173526
1517.0,0.015621735661724048
1518.0,0.016583875934377587
1519.0,0.017736264337944948
1520.0,0.019122495612241292
1521.0,0.020799144586024165
1522.0,0.022840232143795026
1523.0,0.025343311527718747
1524.0,0.02843763537604118
1525.0,0.032294718305713524
1526.0,0.037140882975957225
1527.0,0.043269087122816664
1528.0,0.051041192124739
1529.0,0.06085721367944538
1530.0,0.0730383820955631
1531.0,0.08752869785133205
1532.0,0.10332630227650225
1533.0,0.117822525752889
1534.0,0.12694077724723982
1535.0,0.12718849045401429
1536.0,0.11844948379056486
1537.0,0.10408944289343455
1538.0,0.0882261247883417
1539.0,0.0735694912115948
1540.0,0.06119662619836009
1541.0,0.05119928907964299
1542.0,0.04326728838788729
1543.0,0.037000638369456676
1544.0,0.03203387141201495
1545.0,0.028069888369372856
1546.0,0.02487873764672844
1547.0,0.022286006186674406
1548.0,0.020160207041348757
1549.0,0.018402080664688954
1550.0,0.01693629640166848
1551.0,0.015705259439778543
1552.0,0.014664563842587958
1553.0,0.013779671031358458
1554.0,0.013023480928657415
1555.0,0.012374547910879169
1556.0,0.011815761983049105
1557.0,0.011333366585184867
1558.0,0.010916221274150748
1559.0,0.010555243724429435
1560.0,0.010242984018556608
1561.0,0.009973297295334345
1562.0,0.009741090109571774
1563.0,0.00954212247232233
1564.0,0.009372852281873043
1565.0,0.009230312276872276
1566.0,0.00911201212916397
1567.0,0.009015860113876223
1568.0,0.0089401001364497
1569.0,0.008883260893343202
1570.0,0.0088441146892707
1571.0,0.008821643996219045
1572.0,0.008815014266478466
1573.0,0.008823551838453993
1574.0,0.00884672602559913
1575.0,0.008884134674130668
1576.0,0.008935492628076263
1577.0,0.009000622660978364
1578.0,0.009079448529966113
1579.0,0.009171989885772546
1580.0,0.00927835883610285
1581.0,0.009398758013025433
1582.0,0.009533480040493921
1583.0,0.00968290833790767
1584.0,0.009847519231586156
1585.0,0.01002788537970535
1586.0,0.010224680548984209
1587.0,0.010438685814486624
1588.0,0.010670797288564274
1589.0,0.010922035522498407
1590.0,0.011193556766205603
1591.0,0.011486666319039726
1592.0,0.011802834260106226
1593.0,0.012143713911832917
1594.0,0.012511163468537196
1595.0,0.012907271315774613
1596.0,0.01333438568058958
1597.0,0.013795149392789724
1598.0,0.014292540709887426
1599.0,0.014829921372205998
1600.0,0.015411093321226546
1601.0,0.01604036584837338
1602.0,0.016722635362493462
1603.0,0.017463480497803708
1604.0,0.018269275963860868
1605.0,0.019147329410183076
1606.0,0.02010604670088951
1607.0,0.021155132450566893
1608.0,0.022305834572107018
1609.0,0.02357124408164942
1610.0,0.024966664703012013
1611.0,0.026510071202274773
1612.0,0.028222681264442096
1613.0,0.030129673662731497
1614.0,0.03226109626460524
1615.0,0.03465302220109987
1616.0,0.037349032917947354
1617.0,0.04040213515417659
1618.0,0.04387725850146484
1619.0,0.04785453589305808
1620.0,0.05243364802481069
1621.0,0.05773962400312685
1622.0,0.06393064768776481
1623.0,0.07120863928439511
1624.0,0.07983368370478817
1625.0,0.09014377374212418
1626.0,0.10258180802032113
1627.0,0.11773220885767564
1628.0,0.13636949260778133
1629.0,0.159519467166331
1630.0,0.1885273996832859
1631.0,0.22510905400614134
1632.0,0.2713133886626537
1633.0,0.32921942032250817
1634.0,0.3999949805470004
1635.0,0.48175260827685484
1636.0,0.5660458429237194
1637.0,0.6352594659422949
1638.0,0.667088264644239
1639.0,0.6489044352372059
1640.0,0.5887343496158671
1641.0,0.5081049902193283
1642.0,0.42665940237354544
1643.0,0.355039423676875
1644.0,0.296436091523309
1645.0,0.25024028616462884
1646.0,0.2145562647404472
1647.0,0.18738883198745662
1648.0,0.1670673123247884
1649.0,0.15233669206803807
1650.0,0.14233331482080896
1651.0,0.13653541446869538
1652.0,0.13471827428045668
1653.0,0.13691399124255493
1654.0,0.1433516149079297
1655.0,0.15431640483567036
1656.0,0.16980760016851695
1657.0,0.1888341266671994
1658.0,0.20838361347131823
1659.0,0.22293017863498765
1660.0,0.2263163463631034
1661.0,0.21603951968864638
1662.0,0.19542230396615268
1663.0,0.17066867272237565
1664.0,0.14677650446884505
1665.0,0.1261785120920985
1666.0,0.1094379825020295
1667.0,0.09623882203899871
1668.0,0.08600083397839638
1669.0,0.07815261817913068
1670.0,0.07222098295673894
1671.0,0.06784355088119061
1672.0,0.06475584507034315
1673.0,0.06277360319986695
1674.0,0.06177748710394741
1675.0,0.06170205675744313
1676.0,0.06252910445409456
1677.0,0.06428505865135122
1678.0,0.06704229594863953
1679.0,0.07092451801976664
1680.0,0.07611674754989096
1681.0,0.08288092695113101
1682.0,0.09157848471892725
1683.0,0.10270131218375472
1684.0,0.11691163505884604
1685.0,0.13508733739505083
1686.0,0.15835765487888223
1687.0,0.1880841480579888
1688.0,0.2256734789602371
1689.0,0.2719806520338936
1690.0,0.32592426479185577
1691.0,0.3821584708323624
1692.0,0.42915796956984475
1693.0,0.4517805616802465
1694.0,0.4406849311476662
1695.0,0.4003512025088975
1696.0,0.34505329808685137
1697.0,0.288386615961504
1698.0,0.23794386490412048
1699.0,0.19611144792415047
1700.0,0.16254412323861947
1701.0,0.13593171763413867
1702.0,0.11484763348616185
1703.0,0.09805424888258744
1704.0,0.08456660120256569
1705.0,0.07362906474285812
1706.0,0.06467017235638806
1707.0,0.05725900050165963
1708.0,0.05106960085269582
1709.0,0.04585386742950637
1710.0,0.04142143325661505
1711.0,0.037624948115801166
1712.0,0.03434932467137371
1713.0,0.03150386400908322
1714.0,0.02901645904799555
1715.0,0.026829298098647644
1716.0,0.024895655658901526
1717.0,0.023177475796882237
1718.0,0.021643537352042018
1719.0,0.020268049468987626
1720.0,0.01902956791688235
1721.0,0.017910152423759502
1722.0,0.016894706509214073
1723.0,0.015970456565653508
1724.0,0.015126537979741199
1725.0,0.014353664128549642
1726.0,0.013643859986276772
1727.0,0.012990246438897617
1728.0,0.012386864650769994
1729.0,0.011828532260987163
1730.0,0.011310725024219146
1731.0,0.010829478906508472
1732.0,0.010381308713812244
1733.0,0.009963140152372355
1734.0,0.009572252855771493
1735.0,0.009206232408557335
1736.0,0.008862929783909183
1737.0,0.00854042691793205
1738.0,0.008237007384593572
1739.0,0.00795113132731547
1740.0,0.007681413956651507
1741.0,0.007426607046648102
1742.0,0.007185582961801289
1743.0,0.006957320826956929
1744.0,0.006740894517911898
1745.0,0.00653546220388135
1746.0,0.006340257216772799
1747.0,0.006154580058222742
1748.0,0.005977791385088681
1749.0,0.005809305838728726
1750.0,0.005648586603885079
1751.0,0.005495140600073
1752.0,0.005348514222672162
1753.0,0.005208289562914792
1754.0,0.005074081046063706
1755.0,0.004945532435598204
1756.0,0.004822314158442008
1757.0,0.004704120912392334
1758.0,0.004590669522121378
1759.0,0.004481697014568219
1760.0,0.0043769588883422
1761.0,0.004276227555018987
1762.0,0.0041792909330119424
1763.0,0.004085951177114048
1764.0,0.003996023528887763
1765.0,0.003909335274881284
1766.0,0.0038257248012105037
1767.0,0.0037450407344017
1768.0,0.003667141159569488
1769.0,0.0035918929080330578
1770.0,0.003519170907371966
1771.0,0.00344885758770879
1772.0,0.0033808423386949456
1773.0,0.003315021012281027
1774.0,0.003251295466885147
1775.0,0.003189573149041628
1776.0,0.003129766709026105
1777.0,0.0030717936473187136
1778.0,0.003015575989090738
1779.0,0.002961039984186954
1780.0,0.0029081158303306195
1781.0,0.0028567374175045234
1782.0,0.002806842091663043
1783.0,0.0027583704361099142
1784.0,0.0027112660690368166
1785.0,0.002665475455861246
1786.0,0.0026209477351304767
1787.0,0.002577634556873429
1788.0,0.00253548993238533
1789.0,0.002494470094522829
1790.0,0.0024545333676704354
1791.0,0.0024156400466142616
1792.0,0.0023777522836265943
1793.0,0.0023408339831258733
1794.0,0.0023048507033317216
1795.0,0.002269769564384552
1796.0,0.002235559162444294
1797.0,0.002202189489323743
1798.0,0.002169631857249023
1799.0,0.002137858828373337
1800.0,0.002106844148700751
1801.0,0.002076562686104558
1802.0,0.0020469903721500944
1803.0,0.0020181041474549564
1804.0,0.001989881910340599
1805.0,0.00196230246854851
1806.0,0.001935345493811694
1807.0,0.0019089914790882808
1808.0,0.0018832216982786816
1809.0,0.0018580181682612623
1810.0,0.0018333636130937491
1811.0,0.0018092414302389346
1812.0,0.0017856356586836112
1813.0,0.0017625309488292164
1814.0,0.0017399125340414195
1815.0,0.0017177662037539622
1816.0,0.0016960782780294917
1817.0,0.0016748355834869612
1818.0,0.001654025430511492
1819.0,0.001633635591668409
1820.0,0.0016136542812485379
1821.0,0.0015940701358768108
1822.0,0.0015748721961208413
1823.0,0.0015560498890403445
1824.0,0.0015375930116222354
1825.0,0.0015194917150498678
1826.0,0.001501736489758257
1827.0,0.0014843181512302504
1828.0,0.0014672278264915243
1829.0,0.001450456941264977
1830.0,0.0014339972077475876
1831.0,0.0014178406129751523
1832.0,0.001401979407742458
1833.0,0.0013864060960484836
1834.0,0.0013711134250380778
1835.0,0.001356094375413335
1836.0,0.0013413421522894926
1837.0,0.0013268501764717017
1838.0,0.0013126120761304569
1839.0,0.0012986216788547658
1840.0,0.001284873004063387
1841.0,0.0012713602557556315
1842.0,0.0012580778155842768
1843.0,0.00124502023623417
1844.0,0.0012321822350910424
1845.0,0.0012195586881859205
1846.0,0.0012071446244013746
1847.0,0.001194935219926602
1848.0,0.0011829257929490782
1849.0,0.001171111798571182
1850.0,0.0011594888239408574
1851.0,0.0011480525835859557
1852.0,0.0011367989149424823
1853.0,0.001125723774067489
1854.0,0.0011148232315278592
1855.0,0.001104093468456699
1856.0,0.00109353077276949
1857.0,0.001083131535532561
1858.0,0.001072892247476851
1859.0,0.0010628094956502759
1860.0,0.0010528799602023745
1861.0,0.0010431004112952296
1862.0,0.0010334677061349712
1863.0,0.0010239787861184475
1864.0,0.0010146306740899417
1865.0,0.0010054204717030474
1866.0,0.0009963453568830854
1867.0,0.000987402581385649
1868.0,0.0009785894684470977
1869.0,0.000969903410523027
1870.0,0.0009613418671109202
1871.0,0.0009529023626533897
1872.0,0.000944582484518577
1873.0,0.0009363798810544495
1874.0,0.0009282922597138915
1875.0,0.000920317385247623
1876.0,0.0009124530779621322
1877.0,0.0009046972120399346
1878.0,0.0008970477139195926
1879.0,0.0008895025607330529
1880.0,0.0008820597787979782
1881.0,0.0008747174421628398
1882.0,0.0008674736712026557
1883.0,0.0008603266312633472
1884.0,0.0008532745313527763
1885.0,0.0008463156228766238
1886.0,0.0008394481984173338
1887.0,0.0008326705905544459
1888.0,0.0008259811707247023
1889.0,0.000819378348120381
1890.0,0.0008128605686243922
1891.0,0.0008064263137807223
1892.0,0.0008000740997988769
1893.0,0.0007938024765910348
1894.0,0.0007876100268406754
1895.0,0.0007814953651015011
1896.0,0.0007754571369255147
1897.0,0.0007694940180191761
1898.0,0.0007636047134265948
1899.0,0.0007577879567387604
1900.0,0.0007520425093278624
1901.0,0.0007463671596057806
1902.0,0.0007407607223058693
1903.0,0.000735222037787197
1904.0,0.0007297499713604305
1905.0,0.0007243434126345936
1906.0,0.0007190012748839534
1907.0,0.0007137224944343262
1908.0,0.0007085060300681115
1909.0,0.0007033508624474057
1910.0,0.0006982559935545552
1911.0,0.0006932204461495503
1912.0,0.000688243263243672
1913.0,0.0006833235075888355
1914.0,0.0006784602611820896
1915.0,0.000673652624784756
1916.0,0.0006688997174557139
1917.0,0.0006642006760983462
1918.0,0.000659554655020692
1919.0,0.0006549608255083607
1920.0,0.0006504183754097843
1921.0,0.0006459265087333943
1922.0,0.0006414844452563331
1923.0,0.0006370914201443179
1924.0,0.0006327466835822919
1925.0,0.0006284495004155118
1926.0,0.0006241991498007316
1927.0,0.0006199949248671568
1928.0,0.000615836132386855
1929.0,0.000611722092454316
1930.0,0.0006076521381748765
1931.0,0.0006036256153617193
1932.0,0.0005996418822411831
1933.0,0.0005957003091661134
1934.0,0.0005918002783370108
1935.0,0.0005879411835307241
1936.0,0.0005841224298364607
1937.0,0.0005803434333988826
1938.0,0.0005766036211680717
1939.0,0.0005729024306561534
1940.0,0.000569239309700372
1941.0,0.0005656137162324254
1942.0,0.0005620251180538649
1943.0,0.00055847299261738
1944.0,0.0005549568268137873
1945.0,0.0005514761167645586
1946.0,0.0005480303676197131
1947.0,0.0005446190933609255
1948.0,0.0005412418166096847
1949.0,0.0005378980684403626
1950.0,0.0005345873881980411
1951.0,0.0005313093233209659
1952.0,0.000528063429167485
1953.0,0.0005248492688473444
1954.0,0.0005216664130572175
1955.0,0.0005185144399203401
1956.0,0.000515392934830139
1957.0,0.0005123014902977366
1958.0,0.0005092397058032223
1959.0,0.0005062071876505809
1960.0,0.0005032035488261816
1961.0,0.0005002284088607168
1962.0,0.0004972813936945039
1963.0,0.0004943621355460503
1964.0,0.000491470272783791
1965.0,0.0004886054498009136
1966.0,0.00048576731689318103
1967.0,0.00048295553013967524
1968.0,0.00048016975128637455
1969.0,0.00047740964763249286
1970.0,0.0004746748919195035
1971.0,0.0004719651622227732
1972.0,0.0004692801418457387
1973.0,0.0004666195192165538
1974.0,0.00046398298778714526
1975.0,0.00046137024593460673
1976.0,0.00045878099686487455
1977.0,0.00045621494851862116
1978.0,0.00045367181347930795
1979.0,0.0004511513088833413
1980.0,0.0004486531563322758
1981.0,0.00044617708180701144
1982.0,0.00044372281558393304
1983.0,0.000441290092152939
1984.0,0.0004388786501373153
1985.0,0.00043648823221540105
1986.0,0.000434118585044004
1987.0,0.00043176945918351893
1988.0,0.0004294406090247061
1989.0,0.00042713179271708737
1990.0,0.0004248427720989186
1991.0,0.0004225733126286979
1992.0,0.0004203231833181735
1993.0,0.0004180921566668094
1994.0,0.00041588000859767654
1995.0,0.0004136865183947305
1996.0,0.00041151146864144286
1997.0,0.00040935464516075377
1998.0,0.0004072158369563088
1999.0,0.0004050948361549539
2000.0,0.00040299143795045406
2001.0,0.0004009054405484052
2002.0,0.0003988366451123139
2003.0,0.0003967848557108121
2004.0,0.00039474987926598246
2005.0,0.00039273152550276576
2006.0,0.0003907296068994253
2007.0,0.0003887439386390419
2008.0,0.00038677433856201587
2009.0,0.0003848206271195516
2010.0,0.00038288262732810095
2011.0,0.0003809601647247423
2012.0,0.0003790530673234755
2013.0,0.0003771611655724077
2014.0,0.0003752842923118121
2015.0,0.00037342228273303733
2016.0,0.00037157497433824887
2017.0,0.00036974220690098126
2018.0,0.0003679238224274854
2019.0,0.0003661196651188488
2020.0,0.0003643295813338743
2021.0,0.00036255341955269765
2022.0,0.0003607910303411275
2023.0,0.0003590422663156925
2024.0,0.0003573069821093773
2025.0,0.0003555850343380342
2026.0,0.00035387628156745234
2027.0,0.0003521805842810726
2028.0,0.00035049780484833133
2029.0,0.00034882780749362027
2030.0,0.00034717045826584725
2031.0,0.00034552562500858705
2032.0,0.000343893177330806
2033.0,0.0003422729865781497
2034.0,0.00034066492580478116
2035.0,0.0003390688697457566
2036.0,0.0003374846947899272
2037.0,0.0003359122789533563
2038.0,0.0003343515018532395
2039.0,0.0003328022446823167
2040.0,0.000331264390183767
2041.0,0.0003297378226265739
2042.0,0.0003282224277813524
2043.0,0.0003267180928966269
2044.0,0.00032522470667555004
2045.0,0.0003237421592530554
2046.0,0.00032227034217343064
2047.0,0.0003208091483683063
2048.0,0.0003193584721350493
2049.0,0.00031791820911555163
2050.0,0.0003164882562754095
2051.0,0.0003150685118834795
2052.0,0.00031365887549180993
2053.0,0.00031225924791593334
2054.0,0.0003108695312155174
2055.0,0.0003094896286753647
2056.0,0.00030811944478675363
2057.0,0.00030675888522911534
2058.0,0.0003054078568520372
2059.0,0.0003040662676575886
2060.0,0.0003027340267829607
2061.0,0.000301411044483414
2062.0,0.000300097232115529
2063.0,0.00029879250212075105
2064.0,0.00029749676800922546
2065.0,0.000296209944343917
2066.0,0.00029493194672500635
2067.0,0.00029366269177456014
2068.0,0.00029240209712146705
2069.0,0.0002911500813866361
2070.0,0.0002899065641684512
2071.0,0.0002886714660284774
2072.0,0.0002874447084774123
2073.0,0.00028622621396128
2074.0,0.00028501590584786206
2075.0,0.00028381370841335847
2076.0,0.00028261954682927816
2077.0,0.0002814333471495517
2078.0,0.0002802550362978621
2079.0,0.00027908454205519026
2080.0,0.00027792179304757106
2081.0,0.00027676671873405503
2082.0,0.00027561924939487216
2083.0,0.000274479316119794
2084.0,0.0002733468507966899
2085.0,0.00027222178610027435
2086.0,0.0002711040554810407
2087.0,0.00026999359315437875
2088.0,0.00026889033408987196
2089.0,0.0002677942140007711
2090.0,0.000266705169333642
2091.0,0.000265623137258181
2092.0,0.00026454805565719936
2093.0,0.00026347986311676984
2094.0,0.0002624184989165343
2095.0,0.00026136390302016794
2096.0,0.0002603160160659995
2097.0,0.00025927477935778126
2098.0,0.00025824013485560923
2099.0,0.0002572120251669889
2100.0,0.00025619039353804384
2101.0,0.00025517518384486593
2102.0,0.000254166340585003
2103.0,0.00025316380886908205
2104.0,0.0002521675344125659
2105.0,0.0002511774635276399
2106.0,0.0002501935431152278
2107.0,0.00024921572065713266
2108.0,0.00024824394420830165
2109.0,0.00024727816238921246
2110.0,0.00024631832437837896
2111.0,0.0002453643799049732
2112.0,0.0002444162792415636
2113.0,0.00024347397319696463
2114.0,0.0002425374131091987
2115.0,0.00024160655083856576
2116.0,0.0002406813387608207
2117.0,0.0002397617297604556
2118.0,0.00023884767722408463
2119.0,0.00023793913503393122
2120.0,0.00023703605756141406
2121.0,0.00023613839966083144
2122.0,0.00023524611666314138
2123.0,0.00023435916436983614
2124.0,0.00023347749904690986
2125.0,0.00023260107741891728
2126.0,0.00023172985666312143
2127.0,0.00023086379440373026
2128.0,0.0002300028487062194
2129.0,0.0002291469780717393
2130.0,0.00022829614143160702
2131.0,0.0002274502981418795
2132.0,0.00022660940797800718
2133.0,0.0002257734311295679
2134.0,0.00022494232819507775
2135.0,0.00022411606017687922
2136.0,0.00022329458847610443
2137.0,0.00022247787488771266
2138.0,0.00022166588159559984
2139.0,0.0002208585711677811
2140.0,0.00022005590655164203
2141.0,0.00021925785106926033
2142.0,0.00021846436841279506
2143.0,0.00021767542263994246
2144.0,0.00021689097816945827
2145.0,0.00021611099977674394
2146.0,0.00021533545258949695
2147.0,0.0002145643020834236
2148.0,0.00021379751407801296
2149.0,0.00021303505473237177
2150.0,0.0002122768905411186
2151.0,0.00021152298833033647
2152.0,0.00021077331525358312
2153.0,0.00021002783878795825
2154.0,0.00020928652673022537
2155.0,0.00020854934719298986
2156.0,0.00020781626860092976
2157.0,0.00020708725968708003
2158.0,0.0002063622894891694
2159.0,0.00020564132734600767
2160.0,0.00020492434289392402
2161.0,0.00020421130606325494
2162.0,0.00020350218707488108
2163.0,0.00020279695643681184
2164.0,0.00020209558494081818
2165.0,0.00020139804365911036
2166.0,0.0002007043039410637
2167.0,0.0002000143374099876
2168.0,0.00019932811595993949
2169.0,0.00019864561175258317
2170.0,0.00019796679721408925
2171.0,0.00019729164503207814
2172.0,0.00019662012815260495
2173.0,0.00019595221977718543
2174.0,0.00019528789335986166
2175.0,0.0001946271226043082
2176.0,0.000193969881460977
2177.0,0.0001933161441242805
2178.0,0.0001926658850298137
2179.0,0.00019201907885161204
2180.0,0.0001913757004994473
2181.0,0.00019073572511615913
2182.0,0.0001900991280750221
2183.0,0.00018946588497714803
2184.0,0.0001888359716489228
2185.0,0.0001882093641394773
2186.0,0.00018758603871819144
2187.0,0.00018696597187223163
2188.0,0.0001863491403041205
2189.0,0.00018573552092933845
2190.0,0.00018512509087395708
2191.0,0.0001845178274723034
2192.0,0.00018391370826465435
2193.0,0.00018331271099496213
2194.0,0.0001827148136086083
2195.0,0.00018211999425018775
2196.0,0.00018152823126132097
2197.0,0.00018093950317849512
2198.0,0.00018035378873093255
2199.0,0.0001797710668384869
2200.0,0.00017919131660956686
2201.0,0.0001786145173390855
2202.0,0.0001780406485064369
2203.0,0.00017746968977349825
2204.0,0.00017690162098265774
2205.0,0.00017633642215486673
2206.0,0.00017577407348771818
2207.0,0.00017521455535354796
2208.0,0.0001746578482975615
2209.0,0.00017410393303598278
2210.0,0.00017355279045422843
2211.0,0.00017300440160510303
2212.0,0.00017245874770701843
2213.0,0.00017191581014223484
2214.0,0.00017137557045512382
2215.0,0.0001708380103504536
2216.0,0.00017030311169169513
2217.0,0.00016977085649934963
2218.0,0.00016924122694929677
2219.0,0.00016871420537116366
2220.0,0.00016818977424671338
2221.0,0.00016766791620825418
2222.0,0.00016714861403706777
2223.0,0.0001666318506618572
2224.0,0.00016611760915721392
2225.0,0.00016560587274210337
2226.0,0.0001650966247783694
2227.0,0.0001645898487692565
2228.0,0.00016408552835795088
2229.0,0.00016358364732613854
2230.0,0.0001630841895925812
2231.0,0.00016258713921170952
2232.0,0.00016209248037223314
2233.0,0.00016160019739576802
2234.0,0.0001611102747354797
2235.0,0.00016062269697474348
2236.0,0.00016013744882582
2237.0,0.00015965451512854788
2238.0,0.0001591738808490504
2239.0,0.0001586955310784595
2240.0,0.00015821945103165316
2241.0,0.00015774562604600937
2242.0,0.0001572740415801739
2243.0,0.00015680468321284315
2244.0,0.00015633753664156137
2245.0,0.00015587258768153193
2246.0,0.000155409822264443
2247.0,0.00015494922643730655
2248.0,0.00015449078636131154
2249.0,0.00015403448831069
2250.0,0.00015358031867159703
2251.0,0.00015312826394100345
2252.0,0.00015267831072560145
2253.0,0.00015223044574072338
2254.0,0.00015178465580927247
2255.0,0.00015134092786066642
2256.0,0.0001508992489297934
2257.0,0.00015045960615597945
2258.0,0.00015002198678196868
2259.0,0.00014958637815291453
2260.0,0.0001491527677153829
2261.0,0.00014872114301636705
2262.0,0.0001482914917023131
2263.0,0.00014786380151815757
2264.0,0.000147438060306375
2265.0,0.0001470142560060372
2266.0,0.00014659237665188296
2267.0,0.0001461724103733982
2268.0,0.0001457543453939066
2269.0,0.00014533817002967083
2270.0,0.00014492387268900356
2271.0,0.00014451144187138895
2272.0,0.0001441008661666134
2273.0,0.00014369213425390696
2274.0,0.00014328523490109355
2275.0,0.00014288015696375134
2276.0,0.0001424768893843821
2277.0,0.00014207542119159
2278.0,0.00014167574149927007
2279.0,0.00014127783950580446
2280.0,0.00014088170449326904
2281.0,0.00014048732582664812
2282.0,0.0001400946929530576
2283.0,0.00013970379540097748
2284.0,0.00013931462277949234
2285.0,0.00013892716477754014
2286.0,0.0001385414111631699
2287.0,0.0001381573517828064
2288.0,0.0001377749765605245
2289.0,0.0001373942754973299
2290.0,0.00013701523867044906
2291.0,0.00013663785623262574
2292.0,0.00013626211841142607
2293.0,0.00013588801550855074
2294.0,0.00013551553789915488
2295.0,0.00013514467603117529
2296.0,0.00013477542042466468
2297.0,0.00013440776167113357
2298.0,0.00013404169043289903
2299.0,0.00013367719744244056
2300.0,0.00013331427350176246
2301.0,0.00013295290948176397
2302.0,0.00013259309632161534
2303.0,0.00013223482502814078
2304.0,0.00013187808667520845
2305.0,0.00013152287240312624
2306.0,0.0001311691734180446
2307.0,0.00013081698099136555
2308.0,0.00013046628645915773
2309.0,0.00013011708122157803
2310.0,0.00012976935674229918
2311.0,0.00012942310454794326
2312.0,0.00012907831622752138
2313.0,0.00012873498343187926
2314.0,0.00012839309787314863
2315.0,0.00012805265132420445
2316.0,0.0001277136356181274
2317.0,0.0001273760426476727
2318.0,0.0001270398643647441
2319.0,0.00012670509277987332
2320.0,0.00012637171996170499
2321.0,0.0001260397380364871
2322.0,0.00012570913918756664
2323.0,0.00012537991565489027
2324.0,0.00012505205973451056
2325.0,0.00012472556377809705
2326.0,0.00012440042019245254
2327.0,0.0001240766214390342
2328.0,0.0001237541600334797
2329.0,0.00012343302854513842
2330.0,0.00012311321959660706
2331.0,0.0001227947258632703
2332.0,0.0001224775400728462
2333.0,0.000122161655004936
2334.0,0.00012184706349057872
2335.0,0.00012153375841181045
2336.0,0.00012122173270122761
2337.0,0.00012091097934155508
2338.0,0.00012060149136521884
2339.0,0.00012029326185392244
2340.0,0.00011998628393822802
2341.0,0.00011968055079714173
2342.0,0.00011937605565770321
2343.0,0.00011907279179457885
2344.0,0.00011877075252965993
2345.0,0.00011846993123166393
2346.0,0.0001181703213157404
2347.0,0.00011787191624308083
2348.0,0.00011757470952053188
2349.0,0.00011727869470021292
2350.0,0.00011698386537913752
2351.0,0.0001166902151988381
2352.0,0.0001163977378449949
2353.0,0.00011610642704706851
2354.0,0.00011581627657793566
2355.0,0.00011552728025352919
2356.0,0.00011523943193248121
2357.0,0.00011495272551576986
2358.0,0.00011466715494636957
2359.0,0.00011438271420890487
2360.0,0.00011409939732930733
2361.0,0.00011381719837447632
2362.0,0.0001135361114519425
2363.0,0.00011325613070953518
2364.0,0.00011297725033505263
2365.0,0.0001126994645559355
2366.0,0.00011242276763894394
2367.0,0.00011214715388983713
2368.0,0.0001118726176530567
2369.0,0.00011159915331141243
2370.0,0.00011132675528577182
2371.0,0.00011105541803475198
2372.0,0.00011078513605441489
2373.0,0.00011051590387796558
2374.0,0.00011024771607545294
2375.0,0.00010998056725347377
2376.0,0.00010971445205487956
2377.0,0.00010944936515848589
2378.0,0.00010918530127878495
2379.0,0.00010892225516566052
2380.0,0.00010866022160410592
2381.0,0.00010839919541394451
2382.0,0.00010813917144955284
2383.0,0.00010788014459958664
2384.0,0.00010762210978670907
2385.0,0.00010736506196732197
2386.0,0.00010710899613129936
2387.0,0.00010685390730172353
2388.0,0.00010659979053462382
2389.0,0.00010634664091871754
2390.0,0.00010609445357515366
2391.0,0.00010584322365725873
2392.0,0.00010559294635028523
2393.0,0.00010534361687116228
2394.0,0.00010509523046824893
2395.0,0.00010484778242108924
2396.0,0.00010460126804017036
2397.0,0.00010435568266668207
2398.0,0.00010411102167227935
2399.0,0.0001038672804588467
2400.0,0.00010362445445826476
2401.0,0.00010338253913217919
2402.0,0.00010314152997177158
2403.0,0.00010290142249753259
2404.0,0.00010266221225903722
2405.0,0.00010242389483472198
2406.0,0.00010218646583166438
2407.0,0.00010194992088536437
2408.0,0.00010171425565952759
2409.0,0.00010147946584585108
2410.0,0.00010124554716381035
2411.0,0.00010101249536044917
2412.0,0.0001007803062101706
2413.0,0.00010054897551453027
2414.0,0.00010031849910203166
2415.0,0.000100088872827923
2416.0,9.986009257399614e-05
2417.0,9.963215424838742e-05
2418.0,9.940505378538003e-05
2419.0,9.917878714520857e-05
2420.0,9.895335031386502e-05
2421.0,9.87287393029068e-05
2422.0,9.850495014926626e-05
2423.0,9.828197891506236e-05
2424.0,9.805982168741341e-05
2425.0,9.783847457825218e-05
2426.0,9.76179337241423e-05
2427.0,9.739819528609637e-05
2428.0,9.717925544939586e-05
2429.0,9.696111042341247e-05
2430.0,9.674375644143115e-05
2431.0,9.652718976047492e-05
2432.0,9.631140666113094e-05
2433.0,9.609640344737826e-05
2434.0,9.588217644641747e-05
2435.0,9.566872200850122e-05
2436.0,9.545603650676686e-05
2437.0,9.524411633707029e-05
2438.0,9.503295791782138e-05
2439.0,9.482255768982083e-05
2440.0,9.461291211609848e-05
2441.0,9.440401768175322e-05
2442.0,9.419587089379404e-05
2443.0,9.398846828098285e-05
2444.0,9.37818063936784e-05
2445.0,9.357588180368179e-05
2446.0,9.337069110408326e-05
2447.0,9.316623090911042e-05
2448.0,9.296249785397763e-05
2449.0,9.275948859473714e-05
2450.0,9.2557199808131e-05
2451.0,9.235562819144474e-05
2452.0,9.215477046236231e-05
2453.0,9.195462335882183e-05
2454.0,9.17551836388732e-05
2455.0,9.155644808053682e-05
2456.0,9.135841348166318e-05
2457.0,9.116107665979433e-05
2458.0,9.0964434452026e-05
2459.0,9.07684837148713e-05
2460.0,9.057322132412537e-05
2461.0,9.037864417473155e-05
2462.0,9.018474918064837e-05
2463.0,8.999153327471792e-05
2464.0,8.979899340853537e-05
2465.0,8.960712655231954e-05
2466.0,8.941592969478478e-05
2467.0,8.922539984301373e-05
2468.0,8.903553402233143e-05
2469.0,8.88463292761805e-05
2470.0,8.86577826659972e-05
2471.0,8.846989127108883e-05
2472.0,8.828265218851223e-05
2473.0,8.809606253295306e-05
2474.0,8.791011943660627e-05
2475.0,8.772482004905792e-05
2476.0,8.754016153716752e-05
2477.0,8.73561410849518e-05
2478.0,8.717275589346925e-05
2479.0,8.699000318070584e-05
2480.0,8.680788018146173e-05
2481.0,8.662638414723877e-05
2482.0,8.644551234612923e-05
2483.0,8.62652620627054e-05
2484.0,8.608563059791008e-05
2485.0,8.590661526894826e-05
2486.0,8.572821340917938e-05
2487.0,8.555042236801096e-05
2488.0,8.53732395107929e-05
2489.0,8.519666221871249e-05
2490.0,8.502068788869099e-05
2491.0,8.484531393328051e-05
2492.0,8.4670537780562e-05
2493.0,8.44963568740441e-05
2494.0,8.432276867256311e-05
2495.0,8.414977065018335e-05
2496.0,8.397736029609896e-05
2497.0,8.380553511453596e-05
2498.0,8.363429262465585e-05
2499.0,8.346363036045926e-05
2500.0,8.329354587069129e-05
2501.0,8.312403671874688e-05
2502.0,8.295510048257764e-05
2503.0,8.278673475459914e-05
2504.0,8.261893714159915e-05
2505.0,8.245170526464649e-05
2506.0,8.22850367590011e-05
2507.0,8.211892927402446e-05
2508.0,8.195338047309093e-05
2509.0,8.178838803350004e-05
2510.0,8.162394964638934e-05
2511.0,8.14600630166481e-05
2512.0,8.129672586283174e-05
2513.0,8.113393591707714e-05
2514.0,8.097169092501843e-05
2515.0,8.080998864570388e-05
2516.0,8.064882685151308e-05
2517.0,8.04882033280754e-05
2518.0,8.032811587418856e-05
2519.0,8.016856230173847e-05
2520.0,8.000954043561935e-05
2521.0,7.9851048113655e-05
2522.0,7.96930831865202e-05
2523.0,7.953564351766335e-05
2524.0,7.937872698322951e-05
2525.0,7.92223314719841e-05
2526.0,7.906645488523753e-05
2527.0,7.891109513677021e-05
2528.0,7.875625015275835e-05
2529.0,7.860191787170055e-05
2530.0,7.844809624434483e-05
2531.0,7.829478323361637e-05
2532.0,7.814197681454613e-05
2533.0,7.79896749741997e-05
2534.0,7.783787571160715e-05
2535.0,7.768657703769341e-05
2536.0,7.75357769752091e-05
2537.0,7.738547355866223e-05
2538.0,7.723566483425052e-05
2539.0,7.708634885979403e-05
2540.0,7.69375237046688e-05
2541.0,7.678918744974072e-05
2542.0,7.664133818730044e-05
2543.0,7.649397402099849e-05
2544.0,7.63470930657811e-05
2545.0,7.620069344782666e-05
2546.0,7.60547733044829e-05
2547.0,7.590933078420436e-05
2548.0,7.576436404649063e-05
2549.0,7.561987126182509e-05
2550.0,7.547585061161437e-05
2551.0,7.53323002881281e-05
2552.0,7.518921849443949e-05
2553.0,7.504660344436631e-05
2554.0,7.490445336241254e-05
2555.0,7.476276648371046e-05
2556.0,7.462154105396334e-05
2557.0,7.44807753293887e-05
2558.0,7.434046757666204e-05
2559.0,7.420061607286129e-05
2560.0,7.406121910541149e-05
2561.0,7.392227497203024e-05
2562.0,7.378378198067369e-05
2563.0,7.36457384494829e-05
2564.0,7.350814270673074e-05
2565.0,7.337099309076958e-05
2566.0,7.3234287949979e-05
2567.0,7.30980256427146e-05
2568.0,7.296220453725683e-05
2569.0,7.28268230117605e-05
2570.0,7.269187945420498e-05
2571.0,7.255737226234458e-05
2572.0,7.24232998436597e-05
2573.0,7.228966061530825e-05
2574.0,7.215645300407772e-05
2575.0,7.202367544633787e-05
2576.0,7.189132638799341e-05
2577.0,7.175940428443772e-05
2578.0,7.162790760050678e-05
2579.0,7.149683481043361e-05
2580.0,7.136618439780328e-05
2581.0,7.123595485550821e-05
2582.0,7.110614468570414e-05
2583.0,7.097675239976645e-05
2584.0,7.084777651824708e-05
2585.0,7.071921557083162e-05
2586.0,7.059106809629743e-05
2587.0,7.046333264247148e-05
2588.0,7.033600776618933e-05
2589.0,7.020909203325418e-05
2590.0,7.008258401839644e-05
2591.0,6.995648230523387e-05
2592.0,6.983078548623208e-05
2593.0,6.970549216266548e-05
2594.0,6.958060094457868e-05
2595.0,6.945611045074861e-05
2596.0,6.93320193086464e-05
2597.0,6.920832615440053e-05
2598.0,6.908502963275992e-05
2599.0,6.896212839705752e-05
2600.0,6.883962110917449e-05
2601.0,6.87175064395048e-05
2602.0,6.859578306691999e-05
2603.0,6.84744496787348e-05
2604.0,6.835350497067298e-05
2605.0,6.823294764683349e-05
2606.0,6.811277641965733e-05
2607.0,6.799299000989455e-05
2608.0,6.787358714657208e-05
2609.0,6.775456656696147e-05
2610.0,6.763592701654747e-05
2611.0,6.751766724899703e-05
2612.0,6.739978602612832e-05
2613.0,6.72822821178807e-05
2614.0,6.71651543022848e-05
2615.0,6.704840136543305e-05
2616.0,6.693202210145076e-05
2617.0,6.681601531246755e-05
2618.0,6.670037980858914e-05
2619.0,6.658511440786967e-05
2620.0,6.647021793628442e-05
2621.0,6.635568922770292e-05
2622.0,6.624152712386245e-05
2623.0,6.612773047434204e-05
2624.0,6.601429813653694e-05
2625.0,6.590122897563316e-05
2626.0,6.578852186458306e-05
2627.0,6.567617568408067e-05
2628.0,6.556418932253805e-05
2629.0,6.545256167606145e-05
2630.0,6.53412916484285e-05
2631.0,6.523037815106536e-05
2632.0,6.511982010302456e-05
2633.0,6.50096164309631e-05
2634.0,6.489976606912112e-05
2635.0,6.479026795930078e-05
2636.0,6.468112105084574e-05
2637.0,6.457232430062107e-05
2638.0,6.446387667299345e-05
2639.0,6.435577713981186e-05
2640.0,6.424802468038865e-05
2641.0,6.414061828148122e-05
2642.0,6.403355693727382e-05
2643.0,6.392683964935997e-05
2644.0,6.382046542672526e-05
2645.0,6.371443328573067e-05
2646.0,6.360874225009612e-05
2647.0,6.350339135088451e-05
2648.0,6.339837962648643e-05
2649.0,6.329370612260482e-05
2650.0,6.318936989224061e-05
2651.0,6.30853699956783e-05
2652.0,6.298170550047232e-05
2653.0,6.287837548143361e-05
2654.0,6.277537902061682e-05
2655.0,6.267271520730771e-05
2656.0,6.257038313801122e-05
2657.0,6.246838191643982e-05
2658.0,6.236671065350241e-05
2659.0,6.226536846729352e-05
2660.0,6.216435448308317e-05
2661.0,6.206366783330692e-05
2662.0,6.196330765755654e-05
2663.0,6.186327310257109e-05
2664.0,6.176356332222849e-05
2665.0,6.166417747753736e-05
2666.0,6.156511473662955e-05
2667.0,6.146637427475302e-05
2668.0,6.136795527426515e-05
2669.0,6.126985692462649e-05
2670.0,6.117207842239517e-05
2671.0,6.107461897122153e-05
2672.0,6.0977477781843286e-05
2673.0,6.0880654072081286e-05
2674.0,6.078414706683558e-05
2675.0,6.0687955998082106e-05
2676.0,6.059208010486971e-05
2677.0,6.049651863331779e-05
2678.0,6.04012708366143e-05
2679.0,6.030633597501432e-05
2680.0,6.021171331583913e-05
2681.0,6.011740213347567e-05
2682.0,6.002340170937662e-05
2683.0,5.9929711332060896e-05
2684.0,5.983633029711472e-05
2685.0,5.9743257907193113e-05
2686.0,5.965049347202196e-05
2687.0,5.955803630840058e-05
2688.0,5.946588574020481e-05
2689.0,5.937404109839057e-05
2690.0,5.928250172099805e-05
2691.0,5.9191266953156286e-05
2692.0,5.910033614708842e-05
2693.0,5.900970866211742e-05
2694.0,5.891938386467231e-05
2695.0,5.882936112829503e-05
2696.0,5.8739639833647776e-05
2697.0,5.865021936852094e-05
2698.0,5.856109912784159e-05
2699.0,5.847227851368257e-05
2700.0,5.838375693527201e-05
2701.0,5.8295533809003636e-05
2702.0,5.8207608558447545e-05
2703.0,5.8119980614361485e-05
2704.0,5.803264941470284e-05
2705.0,5.7945614404641315e-05
2706.0,5.785887503657189e-05
2707.0,5.7772430770128744e-05
2708.0,5.7686281072199555e-05
2709.0,5.76004254169406e-05
2710.0,5.751486328579222e-05
2711.0,5.742959416749528e-05
2712.0,5.7344617558107915e-05
2713.0,5.725993296102317e-05
2714.0,5.71755398869872e-05
2715.0,5.7091437854118115e-05
2716.0,5.7007626387925475e-05
2717.0,5.692410502133058e-05
2718.0,5.6840873294687315e-05
2719.0,5.675793075580369e-05
2720.0,5.66752769599642e-05
2721.0,5.659291146995272e-05
2722.0,5.65108338560763e-05
2723.0,5.642904369618943e-05
2724.0,5.634754057571933e-05
2725.0,5.626632408769172e-05
2726.0,5.618539383275755e-05
2727.0,5.610474941922025e-05
2728.0,5.6024390463064e-05
2729.0,5.594431658798257e-05
2730.0,5.586452742540904e-05
2731.0,5.5785022614546305e-05
2732.0,5.570580180239832e-05
2733.0,5.5626864643802315e-05
2734.0,5.5548210801461564e-05
2735.0,5.546983994597926e-05
2736.0,5.5391751755893076e-05
2737.0,5.531394591771066e-05
2738.0,5.523642212594582e-05
2739.0,5.5159180083155885e-05
2740.0,5.508221949997972e-05
2741.0,5.5005540095176596e-05
2742.0,5.4929141595666265e-05
2743.0,5.4853023736569654e-05
2744.0,5.477718626125059e-05
2745.0,5.470162892135859e-05
2746.0,5.4626351476872436e-05
2747.0,5.455135369614481e-05
2748.0,5.447663535594788e-05
2749.0,5.440219624151998e-05
2750.0,5.43280361466132e-05
2751.0,5.425415487354199e-05
2752.0,5.418055223323293e-05
2753.0,5.410722804527541e-05
2754.0,5.403418213797352e-05
2755.0,5.3961414348398915e-05
2756.0,5.388892452244482e-05
2757.0,5.381671251488119e-05
2758.0,5.3744778189410954e-05
2759.0,5.367312141872746e-05
2760.0,5.360174208457306e-05
2761.0,5.353064007779884e-05
2762.0,5.34598152984256e-05
2763.0,5.3389267655706125e-05
2764.0,5.331899706818851e-05
2765.0,5.324900346378098e-05
2766.0,5.3179286779817694e-05
2767.0,5.3109846963126216e-05
2768.0,5.304068397009589e-05
2769.0,5.2971797766747924e-05
2770.0,5.2903188328806575e-05
2771.0,5.2834855641771834e-05
2772.0,5.2766799700993484e-05
2773.0,5.2699020511746535e-05
2774.0,5.26315180893082e-05
2775.0,5.256429245903625e-05
2776.0,5.2497343656448875e-05
2777.0,5.2430671727306073e-05
2778.0,5.236427672769263e-05
2779.0,5.229815872410248e-05
2780.0,5.223231779352493e-05
2781.0,5.216675402353222e-05
2782.0,5.210146751236893e-05
2783.0,5.203645836904291e-05
2784.0,5.1971726713418006e-05
2785.0,5.190727267630841e-05
2786.0,5.1843096399574844e-05
2787.0,5.177919803622252e-05
2788.0,5.171557775050077e-05
2789.0,5.1652235718004746e-05
2790.0,5.158917212577876e-05
2791.0,5.152638717242169e-05
2792.0,5.146388106819417e-05
2793.0,5.140165403512789e-05
2794.0,5.133970630713686e-05
2795.0,5.1278038130130556e-05
2796.0,5.1216649762129354e-05
2797.0,5.115554147338189e-05
2798.0,5.1094713546484684e-05
2799.0,5.103416627650386e-05
2800.0,5.097389997109909e-05
2801.0,5.0913914950649816e-05
2802.0,5.085421154838373e-05
2803.0,5.079479011050765e-05
2804.0,5.07356509963406e-05
2805.0,5.0676794578449594e-05
2806.0,5.061822124278757e-05
2807.0,5.0559931388834007e-05
2808.0,5.050192542973807e-05
2809.0,5.0444203792464214e-05
2810.0,5.038676691794064e-05
2811.0,5.0329615261210244e-05
2812.0,5.027274929158441e-05
2813.0,5.021616949279949e-05
2814.0,5.015987636317627e-05
2815.0,5.010387041578214e-05
2816.0,5.0048152178596336e-05
2817.0,4.999272219467808e-05
2818.0,4.993758102233786e-05
2819.0,4.988272923531171e-05
2820.0,4.982816742293876e-05
2821.0,4.977389619034182e-05
2822.0,4.97199161586116e-05
2823.0,4.966622796499378e-05
2824.0,4.961283226307993e-05
2825.0,4.95597297230016e-05
2826.0,4.950692103162812e-05
2827.0,4.9454406892767856e-05
2828.0,4.9402188027373306e-05
2829.0,4.935026517374974e-05
2830.0,4.929863908776782e-05
2831.0,4.924731054307998e-05
2832.0,4.919628033134078e-05
2833.0,4.914554926243144e-05
2834.0,4.909511816468823e-05
2835.0,4.904498788513533e-05
2836.0,4.899515928972166e-05
2837.0,4.894563326356236e-05
2838.0,4.889641071118454e-05
2839.0,4.884749255677756e-05
2840.0,4.8798879744448035e-05
2841.0,4.87505732384794e-05
2842.0,4.8702574023596446e-05
2843.0,4.865488310523461e-05
2844.0,4.860750150981428e-05
2845.0,4.856043028502034e-05
2846.0,4.851367050008672e-05
2847.0,4.846722324608639e-05
2848.0,4.842108963622661e-05
2849.0,4.8375270806149915e-05
2850.0,4.832976791424055e-05
2851.0,4.8284582141936694e-05
2852.0,4.8239714694048595e-05
2853.0,4.819516679908268e-05
2854.0,4.8150939709571684e-05
2855.0,4.810703470241112e-05
2856.0,4.8063453079202056e-05
2857.0,4.8020196166600356e-05
2858.0,4.7977265316672656e-05
2859.0,4.793466190725896e-05
2860.0,4.7892387342342196e-05
2861.0,4.785044305242497e-05
2862.0,4.7808830494913203e-05
2863.0,4.776755115450746e-05
2864.0,4.7726606543601535e-05
2865.0,4.7685998202688816e-05
2866.0,4.764572770077651e-05
2867.0,4.760579663580773e-05
2868.0,4.7566206635091834e-05
2869.0,4.75269593557432e-05
2870.0,4.748805648512827e-05
2871.0,4.744949974132161e-05
2872.0,4.741129087357052e-05
2873.0,4.737343166276911e-05
2874.0,4.733592392194128e-05
2875.0,4.729876949673348e-05
2876.0,4.726197026591706e-05
2877.0,4.722552814190045e-05
2878.0,4.718944507125153e-05
2879.0,4.7153723035230464e-05
2880.0,4.711836405033288e-05
2881.0,4.7083370168844046e-05
2882.0,4.704874347940404e-05
2883.0,4.701448610758421e-05
2884.0,4.698060021647517e-05
2885.0,4.694708800728668e-05
2886.0,4.691395171995959e-05
2887.0,4.688119363379004e-05
2888.0,4.6848816068066444e-05
2889.0,4.68168213827193e-05
2890.0,4.678521197898418e-05
2891.0,4.675399030007842e-05
2892.0,4.67231588318914e-05
2893.0,4.66927201036892e-05
2894.0,4.666267668883353e-05
2895.0,4.663303120551565e-05
2896.0,4.6603786317505256e-05
2897.0,4.657494473491511e-05
2898.0,4.654650921498134e-05
2899.0,4.651848256286e-05
2900.0,4.649086763244046e-05
2901.0,4.646366732717549e-05
2902.0,4.64368846009291e-05
2903.0,4.6410522458841934e-05
2904.0,4.6384583958215105e-05
2905.0,4.635907220941265e-05
2906.0,4.633399037678314e-05
2907.0,4.630934167960089e-05
2908.0,4.628512939302727e-05
2909.0,4.626135684909254e-05
2910.0,4.6238027437698774e-05
2911.0,4.6215144607644365e-05
2912.0,4.6192711867670545e-05
2913.0,4.6170732787530735e-05
2914.0,4.6149210999082845e-05
2915.0,4.6128150197405595e-05
2916.0,4.610755414193896e-05
2917.0,4.608742665764973e-05
2918.0,4.606777163622267e-05
2919.0,4.6048593037277736e-05
2920.0,4.602989488961435e-05
2921.0,4.601168129248309e-05
2922.0,4.5993956416885805e-05
2923.0,4.597672450690439e-05
2924.0,4.5959989881059626e-05
2925.0,4.594375693370021e-05
2926.0,4.592803013642308e-05
2927.0,4.591281403952581e-05
2928.0,4.589811327349187e-05
2929.0,4.588393255050944e-05
2930.0,4.587027666602505e-05
2931.0,4.585715050033243e-05
2932.0,4.584455902019793e-05
2933.0,4.583250728052319e-05
2934.0,4.582100042604617e-05
2935.0,4.5810043693081525e-05
2936.0,4.5799642411301306e-05
2937.0,4.578980200555715e-05
2938.0,4.5780527997744924e-05
2939.0,4.577182600871317e-05
2940.0,4.5763701760216244e-05
2941.0,4.5756161076913615e-05
2942.0,4.574920988841641e-05
2943.0,4.574285423138253e-05
2944.0,4.573710025166151e-05
2945.0,4.5731954206490914e-05
2946.0,4.572742246674506e-05
2947.0,4.572351151923802e-05
2948.0,4.5720227969082016e-05
2949.0,4.571757854210315e-05
2950.0,4.57155700873155e-05
2951.0,4.571420957945583e-05
2952.0,4.571350412158009e-05
2953.0,4.57134609477237e-05
2954.0,4.571408742562735e-05
2955.0,4.5715391059530175e-05
2956.0,4.571737949303216e-05
2957.0,4.572006051202778e-05
2958.0,4.572344204771292e-05
2959.0,4.572753217966712e-05
2960.0,4.5732339139013376e-05
2961.0,4.573787131165763e-05
2962.0,4.574413724161041e-05
2963.0,4.575114563439271e-05
2964.0,4.5758905360529024e-05
2965.0,4.5767425459129554e-05
2966.0,4.577671514156469e-05
2967.0,4.5786783795234044e-05
2968.0,4.57976409874332e-05
2969.0,4.580929646932088e-05
2970.0,4.582176017998948e-05
2971.0,4.583504225064224e-05
2972.0,4.584915300888011e-05
2973.0,4.586410298310167e-05
2974.0,4.587990290701937e-05
2975.0,4.589656372429601e-05
2976.0,4.5914096593304584e-05
2977.0,4.5932512892015805e-05
2978.0,4.595182422301667e-05
2979.0,4.5972042418664704e-05
2980.0,4.5993179546381524e-05
2981.0,4.6015247914090446e-05
2982.0,4.60382600758024e-05
2983.0,4.6062228837354895e-05
2984.0,4.60871672623089e-05
2985.0,4.611308867800836e-05
2986.0,4.614000668180783e-05
2987.0,4.616793514747342e-05
2988.0,4.619688823176251e-05
2989.0,4.622688038118805e-05
2990.0,4.625792633897354e-05
2991.0,4.629004115220438e-05
2992.0,4.6323240179182685e-05
2993.0,4.635753909699139e-05
2994.0,4.6392953909275137e-05
2995.0,4.642950095424477e-05
2996.0,4.6467196912912754e-05
2997.0,4.650605881756749e-05
2998.0,4.654610406049401e-05
2999.0,4.658735040294975e-05
3000.0,4.662981598440359e-05
3001.0,4.6673519332047315e-05
3002.0,4.671847937058849e-05
3003.0,4.6764715432334375e-05
3004.0,4.6812247267577024e-05
3005.0,4.686109505528955e-05
3006.0,4.6911279414144435e-05
3007.0,4.696282141386509e-05
3008.0,4.7015742586922186e-05
3009.0,4.7070064940586615e-05
3010.0,4.712581096935186e-05
3011.0,4.71830036677386e-05
3012.0,4.724166654349502e-05
3013.0,4.730182363120703e-05
3014.0,4.7363499506333025e-05
3015.0,4.7426719299677976e-05
3016.0,4.7491508712323354e-05
3017.0,4.755789403102885e-05
3018.0,4.7625902144123116e-05
3019.0,4.769556055790156e-05
3020.0,4.776689741354961e-05
3021.0,4.783994150461077e-05
3022.0,4.79147222950199e-05
3023.0,4.7991269937722235e-05
3024.0,4.8069615293900645e-05
3025.0,4.814978995283339e-05
3026.0,4.823182625240643e-05
3027.0,4.8315757300305216e-05
3028.0,4.840161699591135e-05
3029.0,4.848944005293171e-05
3030.0,4.857926202278762e-05
3031.0,4.867111931879379e-05
3032.0,4.8765049241157496e-05
3033.0,4.886109000283015e-05
3034.0,4.8959280756244496e-05
3035.0,4.9059661620972424e-05
3036.0,4.916227371233986e-05
3037.0,4.9267159171036826e-05
3038.0,4.9374361193762317e-05
3039.0,4.948392406494589e-05
3040.0,4.9595893189589086e-05
3041.0,4.971031512727262e-05
3042.0,4.982723762737638e-05
3043.0,4.99467096655625e-05
3044.0,5.0068781481573405e-05
3045.0,5.0193504618399196e-05
3046.0,5.032093196287169e-05
3047.0,5.0451117787744926e-05
3048.0,5.058411779532439e-05
3049.0,5.071998916271105e-05
3050.0,5.08587905887286e-05
3051.0,5.1000582342606035e-05
3052.0,5.114542631449145e-05
3053.0,5.129338606787576e-05
3054.0,5.144452689400989e-05
3055.0,5.159891586840267e-05
3056.0,5.1756621909490686e-05
3057.0,5.1917715839576605e-05
3058.0,5.208227044813659e-05
3059.0,5.225036055760314e-05
3060.0,5.242206309173461e-05
3061.0,5.2597457146688415e-05
3062.0,5.277662406492144e-05
3063.0,5.2959647512046726e-05
3064.0,5.3146613556782755e-05
3065.0,5.3337610754138766e-05
3066.0,5.353273023198681e-05
3067.0,5.3732065781179474e-05
3068.0,5.393571394938025e-05
3069.0,5.414377413878339e-05
3070.0,5.43563487079081e-05
3071.0,5.4573543077663495e-05
3072.0,5.4795465841890446e-05
3073.0,5.502222888259805e-05
3074.0,5.525394749012457e-05
3075.0,5.549074048846523e-05
3076.0,5.5732730366023e-05
3077.0,5.598004341205278e-05
3078.0,5.623280985908465e-05
3079.0,5.649116403162857e-05
3080.0,5.675524450147908e-05
3081.0,5.702519424995877e-05
3082.0,5.730116083745707e-05
3083.0,5.7583296580643054e-05
3084.0,5.787175873775269e-05
3085.0,5.816670970237473e-05
3086.0,5.8468317206184906e-05
3087.0,5.877675453110503e-05
3088.0,5.9092200731392286e-05
3089.0,5.9414840866195e-05
3090.0,5.974486624314382e-05
3091.0,6.0082474673582794e-05
3092.0,6.0427870740081616e-05
3093.0,6.078126607691152e-05
3094.0,6.114287966420966e-05
3095.0,6.151293813660272e-05
3096.0,6.189167610711071e-05
3097.0,6.227933650720383e-05
3098.0,6.267617094394268e-05
3099.0,6.308244007519271e-05
3100.0,6.349841400396895e-05
3101.0,6.392437269303768e-05
3102.0,6.436060640097693e-05
3103.0,6.480741614097833e-05
3104.0,6.526511416376085e-05
3105.0,6.573402446606027e-05
3106.0,6.621448332625951e-05
3107.0,6.670683986883388e-05
3108.0,6.721145665940299e-05
3109.0,6.772871033230726e-05
3110.0,6.82589922527646e-05
3111.0,6.880270921580987e-05
3112.0,6.936028418437983e-05
3113.0,6.993215706907898e-05
3114.0,7.05187855523489e-05
3115.0,7.112064595996547e-05
3116.0,7.17382341830087e-05
3117.0,7.237206665368686e-05
3118.0,7.30226813786558e-05
3119.0,7.369063903375347e-05
3120.0,7.437652412437553e-05
3121.0,7.508094621604832e-05
3122.0,7.580454124011632e-05
3123.0,7.654797287985382e-05
3124.0,7.731193404273865e-05
3125.0,7.809714842509185e-05
3126.0,7.890437217579785e-05
3127.0,7.973439566637532e-05
3128.0,8.058804537527779e-05
3129.0,8.14661858949699e-05
3130.0,8.236972207105346e-05
3131.0,8.329960128351833e-05
3132.0,8.425681588106995e-05
3133.0,8.524240578044909e-05
3134.0,8.625746124371896e-05
3135.0,8.730312584765978e-05
3136.0,8.838059966069507e-05
3137.0,8.949114264418839e-05
3138.0,9.063607829651114e-05
3139.0,9.18167975600073e-05
3140.0,9.303476301288769e-05
3141.0,9.429151337019935e-05
3142.0,9.55886683203548e-05
3143.0,9.692793372630358e-05
3144.0,9.831110722331198e-05
3145.0,9.974008424852517e-05
3146.0,0.00010121686454105656
3147.0,0.0001027435591553317
3148.0,0.00010432239803485674
3149.0,0.00010595573819854999
3150.0,0.0001076460725973325
3151.0,0.00010939603970490349
3152.0,0.00011120843391361749
3153.0,0.00011308621681423545
3154.0,0.00011503252944716458
3155.0,0.0001170507056227673
3156.0,0.00011914428641957078
3157.0,0.00012131703598192796
3158.0,0.00012357295875308836
3159.0,0.00012591631829597823
3160.0,0.00012835165787255943
3161.0,0.00013088382297377633
3162.0,0.00013351798601620566
3163.0,0.00013625967344906692
3164.0,0.00013911479554677876
3165.0,0.00014208967919840794
3166.0,0.0001451911040469161
3167.0,0.0001484263423789752
3168.0,0.00015180320322136316
3169.0,0.00015533008116385436
3170.0,0.0001590160105026053
3171.0,0.00016287072538413193
3172.0,0.00016690472673027483
3173.0,0.00017112935684168468
3174.0,0.00017555688271451726
3175.0,0.00018020058926605895
3176.0,0.0001850748838545857
3177.0,0.0001901954137025989
3178.0,0.00019557919809765013
3179.0,0.00020124477755982536
3180.0,0.00020721238254014279
3181.0,0.00021350412466266617
3182.0,0.00022014421406121108
3183.0,0.0002271592070092866
3184.0,0.0002345782888245798
3185.0,0.00024243359797855276
3186.0,0.00025076059849758075
3187.0,0.00025959850915524335
3188.0,0.00026899079969052884
3189.0,0.0002789857664265857
3190.0,0.0002896372023157625
3191.0,0.00030100517973683904
3192.0,0.0003131569684988043
3193.0,0.00032616811669680223
3194.0,0.0003401237286284838
3195.0,0.0003551199823214027
3196.0,0.00037126593988824874
3197.0,0.00038868571764576475
3198.0,0.00040752110068882695
3199.0,0.00042793470973944347
3200.0,0.000450113858418266
3201.0,0.0004742752791291555
3202.0,0.0005006709489930675
3203.0,0.0005295953185850523
3204.0,0.0005613943424608318
3205.0,0.0005964768412874712
3206.0,0.0006353289045897363
3207.0,0.0006785322903849892
3208.0,0.000726788121565234
3209.0,0.0007809476593912863
3210.0,0.0008420526100518614
3211.0,0.000911388373488978
3212.0,0.000990554989510815
3213.0,0.0010815624279732817
3214.0,0.0011869594945134402
3215.0,0.001310009159991546
3216.0,0.001454927594658718
3217.0,0.00162720903872825
3218.0,0.0018340615791583629
3219.0,0.0020849729581987287
3220.0,0.0023923917999888814
3221.0,0.002772400316732913
3222.0,0.0032449575487453687
3223.0,0.0038325755859032157
3224.0,0.004554804487696124
3225.0,0.0054136701063880795
3226.0,0.00636496808026507
3227.0,0.007282393106857823
3228.0,0.007957661818976615
3229.0,0.00819931078774122
3230.0,0.007985504296325864
3231.0,0.007489679191883509
3232.0,0.006943692893858155
3233.0,0.006514316712931394
3234.0,0.006283681268895816
3235.0,0.006283426961722567
3236.0,0.006528747360224693
3237.0,0.007038040302600188
3238.0,0.007840968511888912
3239.0,0.00897759415458597
3240.0,0.010485743427048604
3241.0,0.012367584482684138
3242.0,0.014526327150528323
3243.0,0.016687297158998388
3244.0,0.018374571994016382
3245.0,0.019050219406193673
3246.0,0.018423029915301006
3247.0,0.01668423254941309
3248.0,0.01437364304449487
3249.0,0.012016598953448508
3250.0,0.009915913293642685
3251.0,0.008170089768870832
3252.0,0.006766419460472016
3253.0,0.005651684128919405
3254.0,0.004767220076535202
3255.0,0.004061846349587087
3256.0,0.00349469651109758
3257.0,0.0030343494548107403
3258.0,0.002657000625318829
3259.0,0.002344672605198822
3260.0,0.002083747932761271
3261.0,0.001863846678360807
3262.0,0.0016769933128760288
3263.0,0.0015170057724471265
3264.0,0.0013790487065911822
3265.0,0.0012593060145781661
3266.0,0.0011547395525081604
3267.0,0.001062910107884053
3268.0,0.0009818435406359375
3269.0,0.0009099298773808977
3270.0,0.000845846616201808
3271.0,0.0007884999539181681
3272.0,0.0007369793854539549
3273.0,0.0006905223593935524
3274.0,0.0006484865555009788
3275.0,0.0006103279836657374
3276.0,0.0005755835623283842
3277.0,0.0005438571687022405
3278.0,0.0005148083985323034
3279.0,0.000488143454645792
3280.0,0.00046360771876265605
3281.0,0.000440979662470744
3282.0,0.00042006582989145694
3283.0,0.0004006966828255982
3284.0,0.0003827231437608757
3285.0,0.00036601370646406395
3286.0,0.00035045201048811874
3287.0,0.00033593479665951437
3288.0,0.00032237017686042907
3289.0,0.00030967616422334705
3290.0,0.00029777941999563123
3291.0,0.00028661418140277066
3292.0,0.00027612134129442615
3293.0,0.00026624765554451825
3294.0,0.0002569450583632698
3295.0,0.0002481700690728698
3296.0,0.00023988327666086496
3297.0,0.00023204889068298087
3298.0,0.00022463434893920325
3299.0,0.0002176099738721256
3300.0,0.00021094867089701673
3301.0,0.0002046256629183643
3302.0,0.00019861825615744534
3303.0,0.00019290563314157638
3304.0,0.0001874686693137547
3305.0,0.00018228977023215158
3306.0,0.00017735272675919645
3307.0,0.0001726425860035075
3308.0,0.00016814553608588632
3309.0,0.0001638488030621892
3310.0,0.00015974055855867334
3311.0,0.0001558098368656259
3312.0,0.00015204646039787987
3313.0,0.00014844097257047948
3314.0,0.00014498457725784745
3315.0,0.00014166908410829753
3316.0,0.0001384868590751155
3317.0,0.00013543077960278773
3318.0,0.0001324941939740453
3319.0,0.00012967088438168754
3320.0,0.00012695503333990743
3321.0,0.00012434119309411796
3322.0,0.00012182425772697196
3323.0,0.00011939943769214438
3324.0,0.00011706223653715443
3325.0,0.00011480842960260569
3326.0,0.0001126340445081885
3327.0,0.00011053534325603087
3328.0,0.00010850880579985441
3329.0,0.00010655111494418917
3330.0,0.0001046591424518921
3331.0,0.00010282993625061716
3332.0,0.00010106070863990182
3333.0,9.934882541033074e-05
3334.0,9.769179579496017e-05
3335.0,9.608726318096502e-05
3336.0,9.453299651641547e-05
3337.0,9.302688235329771e-05
3338.0,9.156691747345093e-05
3339.0,9.015120204907249e-05
3340.0,8.877793329391172e-05
3341.0,8.744539956528636e-05
3342.0,8.615197488066649e-05
3343.0,8.489611381581941e-05
3344.0,8.367634675443994e-05
3345.0,8.249127546183235e-05
3346.0,8.133956895759852e-05
3347.0,8.021995966444504e-05
3348.0,7.913123981217616e-05
3349.0,7.807225807770873e-05
3350.0,7.704191644355185e-05
3351.0,7.603916725864946e-05
3352.0,7.506301048680948e-05
3353.0,7.411249112914577e-05
3354.0,7.318669680805628e-05
3355.0,7.228475550125773e-05
3356.0,7.140583341530922e-05
3357.0,7.054913298888606e-05
3358.0,6.971389101682577e-05
3359.0,6.889937688665991e-05
3360.0,6.810489091998186e-05
3361.0,6.732976281158006e-05
3362.0,6.657335015979946e-05
3363.0,6.58350370820818e-05
3364.0,6.511423291008323e-05
3365.0,6.44103709591791e-05
3366.0,6.372290736754419e-05
3367.0,6.305132000034377e-05
3368.0,6.239510741489106e-05
3369.0,6.17537878829216e-05
3370.0,6.112689846640637e-05
3371.0,6.051399414357557e-05
3372.0,5.991464698205681e-05
3373.0,5.932844535624436e-05
3374.0,5.875499320621322e-05
3375.0,5.819390933567422e-05
3376.0,5.7644826746635154e-05
3377.0,5.7107392008588575e-05
3378.0,5.6581264660191866e-05
3379.0,5.6066116641539216e-05
3380.0,5.5561631755248774e-05
3381.0,5.506750515470461e-05
3382.0,5.458344285789896e-05
3383.0,5.41091612854206e-05
3384.0,5.364438682122693e-05
3385.0,5.31888553949237e-05
3386.0,5.2742312084356e-05
3387.0,5.2304510737388436e-05
3388.0,5.187521361182223e-05
3389.0,5.145419103246081e-05
3390.0,5.10412210643963e-05
3391.0,5.063608920164496e-05
3392.0,5.0238588070312494e-05
3393.0,4.984851714551852e-05
3394.0,4.946568248135584e-05
3395.0,4.9089896453202025e-05
3396.0,4.8720977511741616e-05
3397.0,4.835874994809392e-05
3398.0,4.800304366947668e-05
3399.0,4.765369398486829e-05
3400.0,4.7310541400162345e-05
3401.0,4.6973431422336555e-05
3402.0,4.6642214372185054e-05
3403.0,4.6316745205188723e-05
3404.0,4.599688334012118e-05
3405.0,4.568249249501108e-05
3406.0,4.537344053010143e-05
3407.0,4.5069599297466855e-05
3408.0,4.477084449696784e-05
3409.0,4.4477055538238364e-05
3410.0,4.4188115408419574e-05
3411.0,4.3903910545367624e-05
3412.0,4.3624330716077795e-05
3413.0,4.3349268900081314e-05
3414.0,4.307862117758318e-05
3415.0,4.2812286622122035e-05
3416.0,4.2550167197544225e-05
3417.0,4.2292167659094684e-05
3418.0,4.2038195458437744e-05
3419.0,4.178816065243027e-05
3420.0,4.1541975815478376e-05
3421.0,4.1299555955317826e-05
3422.0,4.106081843206601e-05
3423.0,4.082568288040061e-05
3424.0,4.059407113472812e-05
3425.0,4.036590715721113e-05
3426.0,4.014111696853038e-05
3427.0,3.991962858126333e-05
3428.0,3.970137193576666e-05
3429.0,3.948627883845594e-05
3430.0,3.927428290238015e-05
3431.0,3.9065319489994213e-05
3432.0,3.885932565803709e-05
3433.0,3.865624010442708e-05
3434.0,3.8456003117090576e-05
3435.0,3.825855652464406e-05
3436.0,3.8063843648853e-05
3437.0,3.787180925879487e-05
3438.0,3.768239952665666e-05
3439.0,3.7495561985100694e-05
3440.0,3.731124548613538e-05
3441.0,3.712940016143051e-05
3442.0,3.694997738401919e-05
3443.0,3.677292973133158e-05
3444.0,3.65982109495074e-05
3445.0,3.642577591893719e-05
3446.0,3.6255580620983914e-05
3447.0,3.608758210583903e-05
3448.0,3.592173846146903e-05
3449.0,3.5758008783610245e-05
3450.0,3.559635314677178e-05
3451.0,3.5436732576207884e-05
3452.0,3.5279109020823014e-05
3453.0,3.5123445326974185e-05
3454.0,3.49697052131367e-05
3455.0,3.481785324540112e-05
3456.0,3.46678548137702e-05
3457.0,3.451967610922618e-05
3458.0,3.437328410153985e-05
3459.0,3.422864651779421e-05
3460.0,3.408573182159634e-05
3461.0,3.394450919295267e-05
3462.0,3.380494850878316e-05
3463.0,3.366702032405165e-05
3464.0,3.353069585349003e-05
3465.0,3.339594695389491e-05
3466.0,3.3262746106976604e-05
3467.0,3.3131066402740516e-05
3468.0,3.300088152338232e-05
3469.0,3.2872165727678745e-05
3470.0,3.274489383585673e-05
3471.0,3.261904121492405e-05
3472.0,3.249458376444562e-05
3473.0,3.237149790274989e-05
3474.0,3.224976055355054e-05
3475.0,3.212934913296941e-05
3476.0,3.201024153694671e-05
3477.0,3.189241612902558e-05
3478.0,3.177585172849812e-05
3479.0,3.1660527598900886e-05
3480.0,3.1546423436848043e-05
3481.0,3.143351936119087e-05
3482.0,3.132179590249277e-05
3483.0,3.12112339928094e-05
3484.0,3.110181495576371e-05
3485.0,3.099352049690637e-05
3486.0,3.088633269435205e-05
3487.0,3.078023398968276e-05
3488.0,3.067520717910937e-05
3489.0,3.0571235404883245e-05
3490.0,3.04683021469495e-05
3491.0,3.0366391214834718e-05
3492.0,3.0265486739761e-05
3493.0,3.0165573166979712e-05
3494.0,3.0066635248317548e-05
3495.0,2.9968658034928473e-05
3496.0,2.987162687024491e-05
3497.0,2.9775527383122008e-05
3498.0,2.9680345481168996e-05
3499.0,2.9586067344261726e-05
3500.0,2.9492679418230824e-05
3501.0,2.940016840872009e-05
3502.0,2.930852127520986e-05
3503.0,2.9217725225200272e-05
3504.0,2.9127767708549632e-05
3505.0,2.9038636411963105e-05
3506.0,2.8950319253627155e-05
3507.0,2.8862804377985534e-05
3508.0,2.8776080150652246e-05
3509.0,2.8690135153457732e-05
3510.0,2.8604958179624036e-05
3511.0,2.8520538229065295e-05
3512.0,2.8436864503809766e-05
3513.0,2.8353926403539836e-05
3514.0,2.8271713521246513e-05
3515.0,2.8190215638995134e-05
3516.0,2.8109422723798933e-05
3517.0,2.8029324923597477e-05
3518.0,2.7949912563336745e-05
3519.0,2.7871176141148174e-05
3520.0,2.779310632462356e-05
3521.0,2.7715693947183274e-05
3522.0,2.7638930004535027e-05
3523.0,2.756280565122065e-05
3524.0,2.7487312197248396e-05
3525.0,2.7412441104808337e-05
3526.0,2.7338183985068495e-05
3527.0,2.7264532595049536e-05
3528.0,2.7191478834575714e-05
3529.0,2.711901474330005e-05
3530.0,2.7047132497801597e-05
3531.0,2.697582440875288e-05
3532.0,2.690508291815554e-05
3533.0,2.6834900596642266e-05
3534.0,2.6765270140843318e-05
3535.0,2.6696184370815774e-05
3536.0,2.6627636227533793e-05
3537.0,2.6559618770438406e-05
3538.0,2.6492125175044985e-05
3539.0,2.6425148730607015e-05
3540.0,2.6358682837834643e-05
3541.0,2.6292721006666404e-05
3542.0,2.6227256854092938e-05
3543.0,2.616228410203112e-05
3544.0,2.6097796575247327e-05
3545.0,2.6033788199328596e-05
3546.0,2.5970252998700413e-05
3547.0,2.590718509468981e-05
3548.0,2.5844578703632675e-05
3549.0,2.5782428135024213e-05
3550.0,2.5720727789711148e-05
3551.0,2.5659472158124955e-05
3552.0,2.5598655818554774e-05
3553.0,2.5538273435459135e-05
3554.0,2.54783197578155e-05
3555.0,2.5418789617506556e-05
3556.0,2.5359677927742405e-05
3557.0,2.5300979681517796e-05
3558.0,2.5242689950103377e-05
3559.0,2.5184803881570168e-05
3560.0,2.512731669934647e-05
3561.0,2.5070223700806392e-05
3562.0,2.5013520255889048e-05
3563.0,2.495720180574794e-05
3564.0,2.4901263861429543e-05
3565.0,2.4845702002580412e-05
3566.0,2.4790511876182284e-05
3567.0,2.4735689195314215e-05
3568.0,2.468122973794131e-05
3569.0,2.4627129345729294e-05
3570.0,2.4573383922884298e-05
3571.0,2.451998943501728e-05
3572.0,2.446694190803248e-05
3573.0,2.4414237427039323e-05
3574.0,2.4361872135287165e-05
3575.0,2.430984223312243e-05
3576.0,2.425814397696747e-05
3577.0,2.4206773678320802e-05
3578.0,2.4155727702778036e-05
3579.0,2.4105002469073134e-05
3580.0,2.405459444813943e-05
3581.0,2.4004500162190042e-05
3582.0,2.3954716183817124e-05
3583.0,2.390523913510957e-05
3584.0,2.3856065686788708e-05
3585.0,2.3807192557361665e-05
3586.0,2.3758616512291785e-05
3587.0,2.3710334363185947e-05
3588.0,2.366234296699824e-05
3589.0,2.3614639225249624e-05
3590.0,2.3567220083263313e-05
3591.0,2.3520082529415378e-05
3592.0,2.3473223594400377e-05
3593.0,2.3426640350511513e-05
3594.0,2.338032991093512e-05
3595.0,2.3334289429059082e-05
3596.0,2.3288516097794886e-05
3597.0,2.324300714891302e-05
3598.0,2.3197759852391398e-05
3599.0,2.3152771515776502e-05
3600.0,2.310803948355704e-05
3601.0,2.306356113654968e-05
3602.0,2.3019333891296834e-05
3603.0,2.2975355199475958e-05
3604.0,2.293162254732033e-05
3605.0,2.2888133455050886e-05
3606.0,2.284488547631905e-05
3607.0,2.280187619766013e-05
3608.0,2.2759103237957212e-05
3609.0,2.2716564247915153e-05
3610.0,2.2674256909544684e-05
3611.0,2.2632178935656144e-05
3612.0,2.2590328069362846e-05
3613.0,2.2548702083593768e-05
3614.0,2.250729878061534e-05
3615.0,2.246611599156228e-05
3616.0,2.2425151575977067e-05
3617.0,2.238440342135808e-05
3618.0,2.234386944271608e-05
3619.0,2.2303547582138913e-05
3620.0,2.226343580836425e-05
3621.0,2.2223532116360178e-05
3622.0,2.2183834526913557e-05
3623.0,2.2144341086225802e-05
3624.0,2.2105049865516192e-05
3625.0,2.2065958960632294e-05
3626.0,2.2027066491667503e-05
3627.0,2.198837060258556e-05
3628.0,2.1949869460851782e-05
3629.0,2.1911561257071012e-05
3630.0,2.1873444204632027e-05
3631.0,2.1835516539358355e-05
3632.0,2.1797776519165336e-05
3633.0,2.1760222423723308e-05
3634.0,2.172285255412678e-05
3635.0,2.1685665232569442e-05
3636.0,2.164865880202508e-05
3637.0,2.16118316259339e-05
3638.0,2.1575182087894553e-05
3639.0,2.1538708591361537e-05
3640.0,2.1502409559347867e-05
3641.0,2.1466283434132966e-05
3642.0,2.1430328676975647e-05
3643.0,2.139454376783213e-05
3644.0,2.1358927205078854e-05
3645.0,2.132347750524024e-05
3646.0,2.1288193202720986e-05
3647.0,2.125307284954311e-05
3648.0,2.1218115015087446e-05
3649.0,2.1183318285839566e-05
3650.0,2.1148681265140114e-05
3651.0,2.1114202572939293e-05
3652.0,2.1079880845555657e-05
3653.0,2.1045714735438863e-05
3654.0,2.101170291093654e-05
3655.0,2.0977844056065092e-05
3656.0,2.0944136870284283e-05
3657.0,2.091058006827572e-05
3658.0,2.087717237972493e-05
3659.0,2.0843912549107216e-05
3660.0,2.081079933547697e-05
3661.0,2.0777831512260608e-05
3662.0,2.0745007867052792e-05
3663.0,2.0712327201416207e-05
3664.0,2.067978833068449e-05
3665.0,2.0647390083768534e-05
3666.0,2.0615131302965877e-05
3667.0,2.0583010843773304e-05
3668.0,2.0551027574702443e-05
3669.0,2.0519180377098462e-05
3670.0,2.0487468144961614e-05
3671.0,2.0455889784771775e-05
3672.0,2.042444421531578e-05
3673.0,2.0393130367517572e-05
3674.0,2.036194718427109e-05
3675.0,2.0330893620275844e-05
3676.0,2.029996864187512e-05
3677.0,2.0269171226896833e-05
3678.0,2.0238500364496854e-05
3679.0,2.020795505500487e-05
3680.0,2.0177534309772753e-05
3681.0,2.0147237151025213e-05
3682.0,2.011706261171293e-05
3683.0,2.0087009735367988e-05
3684.0,2.0057077575961525e-05
3685.0,2.0027265197763716e-05
3686.0,1.999757167520586e-05
3687.0,1.9967996092744743e-05
3688.0,1.9938537544729006e-05
3689.0,1.9909195135267677e-05
3690.0,1.98799679781007e-05
3691.0,1.9850855196471508e-05
3692.0,1.982185592300159e-05
3693.0,1.9792969299566897e-05
3694.0,1.9764194477176312e-05
3695.0,1.9735530615851825e-05
3696.0,1.9706976884510663e-05
3697.0,1.9678532460849202e-05
3698.0,1.9650196531228632e-05
3699.0,1.9621968290562356e-05
3700.0,1.959384694220516e-05
3701.0,1.956583169784401e-05
3702.0,1.9537921777390514e-05
3703.0,1.9510116408875047e-05
3704.0,1.9482414828342457e-05
3705.0,1.9454816279749283e-05
3706.0,1.942732001486261e-05
3707.0,1.9399925293160396e-05
3708.0,1.937263138173326e-05
3709.0,1.9345437555187814e-05
3710.0,1.931834309555134e-05
3711.0,1.9291347292177975e-05
3712.0,1.926444944165622e-05
3713.0,1.9237648847717846e-05
3714.0,1.9210944821148145e-05
3715.0,1.9184336679697523e-05
3716.0,1.9157823747994322e-05
3717.0,1.9131405357459025e-05
3718.0,1.9105080846219602e-05
3719.0,1.907884955902822e-05
3720.0,1.905271084717906e-05
3721.0,1.902666406842737e-05
3722.0,1.9000708586909706e-05
3723.0,1.897484377306533e-05
3724.0,1.8949069003558683e-05
3725.0,1.8923383661203096e-05
3726.0,1.8897787134885465e-05
3727.0,1.8872278819492103e-05
3728.0,1.8846858115835607e-05
3729.0,1.8821524430582817e-05
3730.0,1.8796277176183746e-05
3731.0,1.877111577080156e-05
3732.0,1.8746039638243537e-05
3733.0,1.8721048207893053e-05
3734.0,1.8696140914642434e-05
3735.0,1.8671317198826854e-05
3736.0,1.8646576506159133e-05
3737.0,1.8621918287665404e-05
3738.0,1.8597341999621766e-05
3739.0,1.857284710349176e-05
3740.0,1.8548433065864764e-05
3741.0,1.852409935839523e-05
3742.0,1.8499845457742725e-05
3743.0,1.8475670845512907e-05
3744.0,1.8451575008199194e-05
3745.0,1.8427557437125378e-05
3746.0,1.8403617628388913e-05
3747.0,1.8379755082805023e-05
3748.0,1.8355969305851644e-05
3749.0,1.8332259807614997e-05
3750.0,1.8308626102736037e-05
3751.0,1.828506771035756e-05
3752.0,1.8261584154071997e-05
3753.0,1.823817496187006e-05
3754.0,1.8214839666089912e-05
3755.0,1.8191577803367183e-05
3756.0,1.8168388914585506e-05
3757.0,1.8145272544827913e-05
3758.0,1.812222824332869e-05
3759.0,1.8099255563426023e-05
3760.0,1.807635406251519e-05
3761.0,1.8053523302002478e-05
3762.0,1.8030762847259593e-05
3763.0,1.8008072267578797e-05
3764.0,1.7985451136128557e-05
3765.0,1.7962899029909842e-05
3766.0,1.7940415529712958e-05
3767.0,1.791800022007499e-05
3768.0,1.7895652689237784e-05
3769.0,1.7873372529106494e-05
3770.0,1.785115933520868e-05
3771.0,1.7829012706653917e-05
3772.0,1.7806932246093983e-05
3773.0,1.7784917559683498e-05
3774.0,1.776296825704119e-05
3775.0,1.7741083951211527e-05
3776.0,1.7719264258626955e-05
3777.0,1.7697508799070577e-05
3778.0,1.7675817195639353e-05
3779.0,1.7654189074707724e-05
3780.0,1.7632624065891764e-05
3781.0,1.7611121802013748e-05
3782.0,1.7589681919067218e-05
3783.0,1.756830405618243e-05
3784.0,1.7546987855592375e-05
3785.0,1.7525732962599068e-05
3786.0,1.7504539025540386e-05
3787.0,1.74834056957573e-05
3788.0,1.746233262756151e-05
3789.0,1.7441319478203506e-05
3790.0,1.7420365907841027e-05
3791.0,1.739947157950791e-05
3792.0,1.7378636159083374e-05
3793.0,1.7357859315261624e-05
3794.0,1.733714071952192e-05
3795.0,1.7316480046098922e-05
3796.0,1.7295876971953535e-05
3797.0,1.727533117674397e-05
3798.0,1.7254842342797325e-05
3799.0,1.723441015508136e-05
3800.0,1.7214034301176786e-05
3801.0,1.719371447124973e-05
3802.0,1.717345035802472e-05
3803.0,1.7153241656757837e-05
3804.0,1.713308806521031e-05
3805.0,1.711298928362242e-05
3806.0,1.709294501468766e-05
3807.0,1.7072954963527314e-05
3808.0,1.705301883766526e-05
3809.0,1.7033136347003113e-05
3810.0,1.701330720379572e-05
3811.0,1.699353112262685e-05
3812.0,1.6973807820385307e-05
3813.0,1.6954137016241195e-05
3814.0,1.6934518431622617e-05
3815.0,1.691495179019252e-05
3816.0,1.6895436817825922e-05
3817.0,1.687597324258738e-05
3818.0,1.6856560794708684e-05
3819.0,1.6837199206566917e-05
3820.0,1.6817888212662676e-05
3821.0,1.679862754959862e-05
3822.0,1.6779416956058266e-05
3823.0,1.676025617278501e-05
3824.0,1.6741144942561433e-05
3825.0,1.6722083010188818e-05
3826.0,1.670307012246695e-05
3827.0,1.6684106028174127e-05
3828.0,1.6665190478047408e-05
3829.0,1.664632322476312e-05
3830.0,1.6627504022917565e-05
3831.0,1.6608732629007974e-05
3832.0,1.6590008801413688e-05
3833.0,1.657133230037752e-05
3834.0,1.6552702887987404e-05
3835.0,1.653412032815819e-05
3836.0,1.6515584386613716e-05
3837.0,1.6497094830869013e-05
3838.0,1.64786514302128e-05
3839.0,1.6460253955690134e-05
3840.0,1.6441902180085247e-05
3841.0,1.6423595877904624e-05
3842.0,1.6405334825360264e-05
3843.0,1.638711880035311e-05
3844.0,1.6368947582456704e-05
3845.0,1.6350820952900997e-05
3846.0,1.6332738694556376e-05
3847.0,1.6314700591917853e-05
3848.0,1.6296706431089462e-05
3849.0,1.627875599976876e-05
3850.0,1.626084908723162e-05
3851.0,1.6242985484317114e-05
3852.0,1.6225164983412577e-05
3853.0,1.620738737843887e-05
3854.0,1.6189652464835775e-05
3855.0,1.6171960039547607e-05
3856.0,1.6154309901008912e-05
3857.0,1.6136701849130415e-05
3858.0,1.6119135685285035e-05
3859.0,1.6101611212294136e-05
3860.0,1.6084128234413895e-05
3861.0,1.6066686557321802e-05
3862.0,1.6049285988103362e-05
3863.0,1.6031926335238916e-05
3864.0,1.6014607408590588e-05
3865.0,1.599732901938943e-05
3866.0,1.598009098022267e-05
3867.0,1.59628931050211e-05
3868.0,1.594573520904664e-05
3869.0,1.5928617108879982e-05
3870.0,1.5911538622408438e-05
3871.0,1.589449956881386e-05
3872.0,1.5877499768560738e-05
3873.0,1.5860539043384406e-05
3874.0,1.5843617216279358e-05
3875.0,1.582673411148776e-05
3876.0,1.580988955448801e-05
3877.0,1.5793083371983467e-05
3878.0,1.5776315391891277e-05
3879.0,1.575958544333136e-05
3880.0,1.574289335661548e-05
3881.0,1.572623896323643e-05
3882.0,1.5709622095857373e-05
3883.0,1.5693042588301257e-05
3884.0,1.5676500275540378e-05
3885.0,1.5659994993686e-05
3886.0,1.564352657997818e-05
3887.0,1.5627094872775595e-05
3888.0,1.5610699711545572e-05
3889.0,1.5594340936854154e-05
3890.0,1.5578018390356314e-05
3891.0,1.5561731914786247e-05
3892.0,1.5545481353947798e-05
3893.0,1.5529266552704947e-05
3894.0,1.5513087356972447e-05
3895.0,1.549694361370652e-05
3896.0,1.548083517089565e-05
3897.0,1.5464761877551515e-05
3898.0,1.5448723583699982e-05
3899.0,1.543272014037219e-05
3900.0,1.5416751399595745e-05
3901.0,1.5400817214386007e-05
3902.0,1.538491743873746e-05
3903.0,1.5369051927615174e-05
3904.0,1.5353220536946357e-05
3905.0,1.5337423123612007e-05
3906.0,1.5321659545438607e-05
3907.0,1.5305929661189983e-05
3908.0,1.5290233330559173e-05
3909.0,1.5274570414160404e-05
3910.0,1.5258940773521184e-05
3911.0,1.5243344271074432e-05
3912.0,1.5227780770150691e-05
3913.0,1.5212250134970485e-05
3914.0,1.519675223063664e-05
3915.0,1.5181286923126804e-05
3916.0,1.516585407928596e-05
3917.0,1.5150453566819049e-05
3918.0,1.5135085254283686e-05
3919.0,1.5119749011082882e-05
3920.0,1.510444470745793e-05
3921.0,1.5089172214481312e-05
3922.0,1.5073931404049652e-05
3923.0,1.5058722148876827e-05
3924.0,1.504354432248704e-05
3925.0,1.5028397799208071e-05
3926.0,1.5013282454164497e-05
3927.0,1.4998198163271046e-05
3928.0,1.4983144803226008e-05
3929.0,1.496812225150468e-05
3930.0,1.4953130386352916e-05
3931.0,1.493816908678071e-05
3932.0,1.4923238232555867e-05
3933.0,1.4908337704197731e-05
3934.0,1.4893467382970967e-05
3935.0,1.4878627150879391e-05
3936.0,1.4863816890659913e-05
3937.0,1.4849036485776502e-05
3938.0,1.4834285820414175e-05
3939.0,1.4819564779473145e-05
3940.0,1.4804873248562922e-05
3941.0,1.4790211113996545e-05
3942.0,1.4775578262784833e-05
3943.0,1.4760974582630708e-05
3944.0,1.4746399961923562e-05
3945.0,1.4731854289733687e-05
3946.0,1.4717337455806774e-05
3947.0,1.4702849350558426e-05
3948.0,1.4688389865068767e-05
3949.0,1.4673958891077084e-05
3950.0,1.4659556320976512e-05
3951.0,1.4645182047808798e-05
3952.0,1.4630835965259077e-05
3953.0,1.461651796765074e-05
3954.0,1.4602227949940313e-05
3955.0,1.4587965807712435e-05
3956.0,1.457373143717482e-05
3957.0,1.455952473515332e-05
3958.0,1.4545345599087007e-05
3959.0,1.4531193927023332e-05
3960.0,1.4517069617613278e-05
3961.0,1.4502972570106621e-05
3962.0,1.4488902684347193e-05
3963.0,1.4474859860768204e-05
3964.0,1.446084400038761e-05
3965.0,1.4446855004803526e-05
3966.0,1.4432892776189682e-05
3967.0,1.441895721729091e-05
3968.0,1.4405048231418695e-05
3969.0,1.4391165722446755e-05
3970.0,1.437730959480665e-05
3971.0,1.4363479753483477e-05
3972.0,1.4349676104011541e-05
3973.0,1.4335898552470132e-05
3974.0,1.4322147005479287e-05
3975.0,1.4308421370195627e-05
3976.0,1.4294721554308227e-05
3977.0,1.4281047466034495e-05
3978.0,1.4267399014116147e-05
3979.0,1.4253776107815166e-05
3980.0,1.4240178656909813e-05
3981.0,1.4226606571690697e-05
3982.0,1.4213059762956852e-05
3983.0,1.4199538142011868e-05
3984.0,1.4186041620660067e-05
3985.0,1.417257011120266e-05
3986.0,1.4159123526434034e-05
3987.0,1.4145701779637971e-05
3988.0,1.4132304784583979e-05
3989.0,1.411893245552362e-05
3990.0,1.4105584707186873e-05
3991.0,1.4092261454778543e-05
3992.0,1.4078962613974688e-05
3993.0,1.4065688100919095e-05
3994.0,1.4052437832219785e-05
3995.0,1.4039211724945533e-05
3996.0,1.4026009696622419e-05
3997.0,1.4012831665230461e-05
3998.0,1.3999677549200204e-05
3999.0,1.3986547267409397e-05
4000.0,1.3973440739179656e-05
